idhacj6y,category,name/code,description,price,enable vat,vat value,weight,options,enable discounts,discounts,availability type,available,pending,images,,,,,,,,,,,,,
7q878m5x,Пицца,Пицца по-деревенски,"тесто, ветчина, сыр Моцарелла, огурец маринованный, маслины, красный лук, с-с барбекю, майонез, зелень.
500 гр.",491,0,0,21,0,0,50,,0,1:15,0,Unset,,,C:\Users\New\Desktop\Кафе Винтаж версия 9.09.019\Меню Винтаж 2020\Для Яндекс Еды\Пицца\Пиица по деревенски 500 г.JPG,,,,,,,,,
s833z9n8,Пицца,Пицца Ассорти,"тесто, с-с барбекю, с-с цезарь, бекон, курица кап., перец болг., сыр Моцарелла, зелень.
500 гр.",477,0,0,21,0,0,50,,0,1:15,0,Unset,,,C:\Users\New\Desktop\Кафе Винтаж версия 9.09.019\Меню Винтаж 2020\Для Яндекс Еды\Пицца\Пицца Ассорти 500 г.JPG,,,,,,,,,
u6crbe3q,Пицца,Пицца по-домашнему,"тесто, ветчина. сыр Моцарелла, огурец св., помидор, майонез, с-с барбекю, зелень.
500 гр.",477,0,0,21,0,0,50,,0,1:15,0,Unset,,,C:\Users\New\Desktop\Кафе Винтаж версия 9.09.019\Меню Винтаж 2020\Для Яндекс Еды\Пицца\Пицца по-домашнему 500 г.JPG,,,,,,,,,
dcwr195q,Пицца,Пицца Времена года,"тесто, томатный соус, ветчина, сыр Моцарелла, грибы, маслины, помидоры.
500 гр.",477,0,0,21,0,0,50,,0,1:15,0,Unset,,,C:\Users\New\Desktop\Кафе Винтаж версия 9.09.019\Меню Винтаж 2020\Для Яндекс Еды\Пицца\Пицца Времена года 500 г.JPG,,,,,,,,,
uwkejpj5,Пицца,Пицца Маргарита,"тесто, соус Цезарь, сыр Моцарелла, помидор.
500 гр.",487,0,0,21,0,0,50,,0,1:15,0,Unset,,,C:\Users\New\Desktop\Кафе Винтаж версия 9.09.019\Меню Винтаж 2020\Для Яндекс Еды\Пицца\Пицца Маргарита 450 г.JPG,,,,,,,,,
vxqggvx2,Пицца,Пицца с курицей,"тесто, кетчуп Хайнц, сметана, майонез, перец болгарский, курица копченая, сыр Моцарелла, огурцы маринованные.
450 гр.",477,0,0,21,0,0,50,,0,,Unset,,,C:\Users\New\Desktop\Кафе Винтаж версия 9.09.019\Меню Винтаж 2020\Для Яндекс Еды\Пицца\Пицца с курицей 450 г.JPG,,,,,,,,,,
21hop7wo,Пицца,Пицца Баварская,"тесто, колбаса Баварская, солями, ветчина, грибы, перец болгарский, соус томатный, горчица Дижонская, сыр Моцарелла, зелень.
550 гр.",547,0,0,21,0,0,50,,0,1:15,0,Unset,,,C:\Users\New\Desktop\Кафе Винтаж версия 9.09.019\Меню Винтаж 2020\Для Яндекс Еды\Пицца\Пицца Баварская 550 г.JPG,,,,,,,,,
0sq83pga,Пицца,Пицца трио сыров,"тесто, томатный соус, сыры: Пармезан, Моцарелла, Сербская брынза.
500 гр.",480,0,0,21,0,0,50,,0,1:15,0,Unset,,,C:\Users\New\Desktop\Кафе Винтаж версия 9.09.019\Меню Винтаж 2020\Для Яндекс Еды\Пицца\Пицца Трио сыров 500 г.JPG,,,,,,,,,
rn1ccc4t,Пицца,Пицца Пеперони,"тесто, пеперони, томатный соус, сыр Моцарелла. 
450 гр.",477,0,0,21,0,0,50,,0,1:15,0,Unset,,,C:\Users\New\Desktop\Кафе Винтаж версия 9.09.019\Меню Винтаж 2020\Для Яндекс Еды\Пицца\Пицца Пепероне 450г.JPG,,,,,,,,,
3l8865qi,Холодные закуски,Мясное ассорти,"колбаса с/к, бекон, филе куры п/к, буженина, колбаса п/к, огурец св., зелень.
240 гр.",444,0,0,21,0,0,24,,0,1:15,0,Unset,,,C:\Users\New\Desktop\Кафе Винтаж версия 9.09.019\Меню Винтаж 2020\Для Яндекс Еды\Холодные закуски\Мясное Ассорти 240г.JPG,,,,,,,,,
nwk42iy6,Холодные закуски,Фруктовая тарелка,"яблоко, виноград, апельсин, киви.
450 гр.",252,0,0,21,0,0,24,,0,1:15,0,Unset,,,C:\Users\New\Desktop\Кафе Винтаж версия 9.09.019\Меню Винтаж 2020\Для Яндекс Еды\Холодные закуски\Фруктовая тарелка 450 г.JPG,,,,,,,,,
mvgx9hvs,Холодные закуски,Овощное ассорти,"огурцы св., помидоры св., перец болгарский.
200 гр.",209,0,0,21,0,0,28,,0,1:15,0,Unset,,,C:\Users\New\Desktop\Кафе Винтаж версия 9.09.019\Меню Винтаж 2020\Для Яндекс Еды\Холодные закуски\Овощное Ассорти 280 г.JPG,,,,,,,,,
nozn3xm3,Холодные закуски,"Сало крученое ""Шик""","шпик свиной, специи, чеснок, зелень.
50 гр.",81,0,0,21,0,0,50,,0,1:15,0,Unset,,,C:\Users\New\Desktop\Кафе Винтаж версия 9.09.019\Меню Винтаж 2020\Для Яндекс Еды\Холодные закуски\Сало як сало 50 г.JPG,,,,,,,,,
cd5vs0ag,Холодные закуски,Сырное ассорти,"сыр Пармезан, сыр Фета, сыр Моцарелла, грецкий орех, виноград, мед.
200 гр.",387,0,0,21,0,0,20,,0,1:15,0,Unset,,,C:\Users\New\Desktop\Кафе Винтаж версия 9.09.019\Меню Винтаж 2020\Для Яндекс Еды\Холодные закуски\Сырное ассорти 200г.JPG,,,,,,,,,
gcetmoor,Холодные закуски,Язык с хреном,"язык телячий, хрен, зелень.
75/50 гр.",268,0,0,21,0,0,10,,0,1:15,0,Unset,,,C:\Users\New\Desktop\Кафе Винтаж версия 9.09.019\Меню Винтаж 2020\Для Яндекс Еды\Холодные закуски\Язык с хреном 125 г.JPG,,,,,,,,,
1z403fgf,Холодные закуски,Карпачо из лосося,"лосось, лимон, лук, оливковое малсло, маслины, зелень.
140 гр.",341,0,0,21,0,0,14,,0,1:15,0,Unset,,,,,,,,,,,,
uzfi8x11,Холодные закуски,Сельдь с гарниром,"сельдь, отварной картофель, лук, растительное масло, яйцо, майонез, зелень.
160 гр.",165,0,0,21,0,0,16,,0,1:15,0,Unset,,,C:\Users\New\Desktop\Кафе Винтаж версия 9.09.019\Меню Винтаж 2020\Для Яндекс Еды\Холодные закуски\Сельдь с гарниром 160 г.JPG,,,,,,,,,
gqq1q5pj,Холодные закуски,Рулетик с лососем,"лосось с/с, сыр Моцарелла, блины, майонез, чеснок, зелень, лимон, маслины.
140 гр.",244,0,0,21,0,0,14,,0,1:15,0,Unset,,,C:\Users\New\Desktop\Кафе Винтаж версия 2020\Меню Винтаж 2020\Для Яндекс Еды\Холодные закуски\Рулетик с лососем 140гр.JPG,,,,,,,,,
lrphoddc,Холодные закуски,Грузди со сметаной,"грузди, сметана, лук, зелень.
200 гр.",349,0,0,21,0,0,20,,0,1:15,0,Unset,,,C:\Users\New\Desktop\Кафе Винтаж версия 9.09.019\Меню Винтаж 2020\Для Яндекс Еды\Холодные закуски\Грузди со сметаной. 200г.JPG,,,,,,,,,
jl3gr25i,Холодные закуски,Рыбное ассорти,"семга с/с, масляная х/к, сельдь с/с, лимон, маслина, зелень.
150 гр.
{ХИТ}*",397,0,0,21,0,0,165,,0,1:15,0,Unset,,,C:\Users\New\Desktop\Кафе Винтаж версия 9.09.019\Меню Винтаж 2020\Для Яндекс Еды\Холодные закуски\Рыбное Ассорти 150 г.JPG,,,,,,,,,
lw0winse,Холодные закуски,Русский разносол,"огурцы маринованные, помидоры Черри маринованные, капуста маринованная.
300 гр.",259,0,0,21,0,0,30,,0,1:15,0,Unset,,,C:\Users\New\Desktop\Кафе Винтаж версия 9.09.019\Меню Винтаж 2020\Для Яндекс Еды\Холодные закуски\Русский разносол 300 г.JPG,,,,,,,,,
qfr0l49c,Салаты,Салат Бостон,"язык телячий, кура копченая, салат, морковь, картофель, огурец маринованный, яйцо, чеснок, грецкий орех, зелень, майонез. 
230 гр.",339,0,0,21,0,0,25,,0,1:15,0,Unset,,,C:\Users\New\Desktop\Кафе Винтаж версия 9.09.019\Меню Винтаж 2020\Для Яндекс Еды\Салаты\Салат Бостон 250 г.JPG,,,,,,,,,
dac1owoe,Салаты,Салат Деликатесный,"телячий язык, шампиньоны жареные, маринованный огурец, салат, морковь чеснок, грецкий орех, майонез.
200 гр.",268,0,0,21,0,0,185,,0,1:15,0,Unset,,,C:\Users\New\Desktop\Кафе Винтаж версия 9.09.019\Меню Винтаж 2020\Для Яндекс Еды\Салаты\Салат Деликатесный 200г.JPG,,,,,,,,,
9cp6c308,Салаты,Салат Осенний,"капуста маринованная, перец болгарский, огурец свежий, черри-помидоры
200 гр",149,0,0,21,0,0,23,,0,,Unset,,,C:\Users\New\Desktop\Кафе Винтаж версия 2020\Меню Винтаж 2020\Для Яндекс Еды\Салаты\Салат Осенний 200гр.jpg,,,,,,,,,,
5aehbywr,Салаты,Салат Цезарь с курицей,"листья салата, сухарики, филе куриной грудки, соус Цезарь, сыр Пармезан, помидор, зелень.
220 гр.",317,0,0,21,0,0,225,Рекомендуем добавить :)|Соус Цезарь (делаем сами) 50 гр.|Сыр Пармезан 10 гр.|Грудка куриная жаренная 50 гр.,0,1:15,0,Unset,,,C:\Users\New\Desktop\Кафе Винтаж версия 9.09.019\Меню Винтаж 2020\Для Яндекс Еды\Салаты\Салат Цезарь с курицей 230г.JPG,,,,,,,,,
eflt2p3b,Салаты,Салат Венеция,"салат, креветки тигровые, яйцо, перец болг., апельсин, лимон, маслина, зелень, майонез.
225 гр.
{ХИТ}*",433,0,0,21,0,0,225,,0,,Unset,,,C:\Users\New\Desktop\Кафе Винтаж версия 2020\Меню Винтаж 2020\Для Яндекс Еды\Салаты\С-т Венеция 220 гр (ЗАМЕНА ФОТОГРАФИИ).jpg,,,,,,,,,,
bo363yfq,Салаты,Салат Vitello,"телятина, перец болг., грибы, салат, огурец св., помидор, лук, чеснок.
240 гр.",307,0,0,21,0,0,24,,0,1:15,0,Unset,,,,,,,,,,,,
c5fzn6bd,Салаты,Салат Греческий,"огурец св., помидор св., маслины, сыр Фета, листья салата, перец болг., голандский лук, соус Песто.
270 гр.",247,0,0,21,0,0,27,Рекомендуем добавить :)|Сыр Фета 40гр,0,,Unset,,,C:\Users\New\Desktop\Кафе Винтаж версия 9.09.019\Меню Винтаж 2020\Для Яндекс Еды\Салаты\Салат Греческий 270г.JPG,,,,,,,,,,
69zgd20m,Салаты,Салат Палитра вкуса,"кура копченая, картофель фри, огурец св., яблоко, яйцо, сыр, чеснок, майонез.
270 гр.",249,0,0,21,0,0,27,,0,,Unset,,,C:\Users\New\Desktop\Кафе Винтаж версия 9.09.019\Меню Винтаж 2020\Для Яндекс Еды\Салаты\Салат Палитра вкуса 270г.JPG,,,,,,,,,,
zyn03jc6,Салаты,Салат Элегия,"лосось с/с, сыр Фета, сыр  Пармезан, помидор, перец болг., салат, картофель, лук, сухарики, греческая заправка.
240 гр.",367,0,0,21,0,0,24,,0,,Unset,,,C:\Users\New\Desktop\Кафе Винтаж версия 9.09.019\Меню Винтаж 2020\Для Яндекс Еды\Салаты\Салат с лососем 240г.JPG,,,,,,,,,,
4wvekndw,Салаты,Салат Искушение,"блин яичный, кура копченая, чеснок, зелень, огурец св., помидор, майонез.
170 гр.",229,0,0,21,0,0,165,,0,,Unset,,,,,,,,,,,,,
60arkcjx,Салаты,Салат Эби-Эби,"креветки, соус гранатовый, перц болг., салат, огурец св., томат св., лук.
230 гр.",467,0,0,21,0,0,25,,0,,Unset,,,C:\Users\New\Desktop\Кафе Винтаж версия 9.09.019\Меню Винтаж 2020\Для Яндекс Еды\Салаты\Салат Эби Эби 260г.JPG,,,,,,,,,,
joaxcg6p,Салаты,Салат Винтажный,"куриное филе, соус Тонкацу, перец болг., салат, огурец св., соевый соус, помидор, лук, чеснок.
280 гр.",337,0,0,21,0,0,30,,0,,Unset,,,C:\Users\New\Desktop\Кафе Винтаж версия 9.09.019\Меню Винтаж 2020\Для Яндекс Еды\Салаты\Салат Винтажный 300г.JPG,,,,,,,,,,
u18flmf6,Салаты,Салат из свежих овощей,"огурец св., помидор св., голандский лук, листья салат, сметана. 
160 гр.",193,0,21,0,160,,0,,Unset,,,,,,,,,,,,,,,
1z66zvto,Салаты,Салат куриный с грибами,"курица, грибы, лук жаренный, листья салата, огурец мар., майонез.
180 гр.",234,0,0,21,0,0,18,,0,,Unset,,,C:\Users\New\Desktop\Кафе Винтаж версия 9.09.019\Меню Винтаж 2020\Для Яндекс Еды\Салаты\Салат куриный с грибами 180г.JPG,,,,,,,,,,
c4ht1418,Салаты,Салат Оливье с ветчиной,"ветчина, картофель, огурец мар., яйцо, зел. горошек, морковь, маслина, зелень, майонез.
250 гр.",150,0,0,20,0,0,25,,0,,Unset,,,C:\Users\New\Desktop\Кафе Винтаж версия 9.09.019\Меню Винтаж 2020\Для Яндекс Еды\Салаты\Оливье с ветчиной 250гр.JPG,,,,,,,,,,
r7haeeqi,Салаты,Салат Вкусняшка,"телятина, салат, томат, сухарики, сыр Пармезан,соус «Болье» 
 	.
230 гр.
{ХИТ}*",341,0,0,21,0,0,23,,0,,Unset,,,C:\Users\New\Desktop\Кафе Винтаж версия 9.09.019\Меню Винтаж 2020\Для Яндекс Еды\Салаты\Салат Вкусняшка 230г.JPG,,,,,,,,,,
s4c5it9r,Салаты,Теплый салат Индейка,"филе индейки, соус гранатовый, перец болг., огурец св., помидор, лук, салат.
250/20 гр.",261,0,0,20,0,0,27,,0,,Unset,,,C:\Users\New\Desktop\Кафе Винтаж версия 9.09.019\Меню Винтаж 2020\Для Яндекс Еды\Салаты\Теплый салат Индека 270г.JPG,,,,,,,,,,
xkuui2zj,Салаты,Салат Дамский,"филе курицы,соус ""хотничий"", перец болг.,огурец св., помидор, лук репка, салат.
250 гр.",291,0,0,21,0,0,20,,0,,Unset,,,C:\Users\New\Desktop\Кафе Винтаж версия 9.09.019\Меню Винтаж 2020\Для Яндекс Еды\Салаты\Салат Дамский 280г.JPG,,,,,,,,,,
1r2wx1v7,Салаты,Салат Охотничий,"язык говяжий, буженина, филе курицы, помидор, шампиньоны, огурец мар., соус Охотничий, с - т микс.
220 гр.",365,0,0,21,0,0,30,,0,,Unset,,,C:\Users\New\Desktop\Кафе Винтаж версия 9.09.019\Меню Винтаж 2020\Для Яндекс Еды\Салаты\Салат Охотничий 220 г.JPG,,,,,,,,,,
t1fheys5,Горячие закуски,Омлет Королевский,"яйцо, ветчина, кура копченая, сливочное масло, молоко, помидор, лук, сыр Моцарелла.
120 гр.",189,0,0,21,0,0,17,,0,,Unset,,,C:\Users\New\Desktop\Кафе Винтаж версия 9.09.019\Меню Винтаж 2020\Для Яндекс Еды\Горячие закуски\Омлет Королевский 170 г.JPG,,,,,,,,,,
2v7gv9hu,Горячие закуски,Яичница из 3х яиц,100 гр,139,0,0,21,0,0,12,Рекомендуем добавить :)|Сыр Моцарелла 30 гр.|Бекон с/к 50 гр.|Помидор 50 гр.|Лук репка 50 гр.|Сосиски Баварские 100 гр.,0,,Unset,,,C:\Users\New\Desktop\Кафе Винтаж версия 9.09.019\Меню Винтаж 2020\Для Яндекс Еды\Горячие закуски\Яичница из трех яиц 100 г.JPG,,,,,,,,,,
gqhlsqmx,Горячие закуски,Жульен куриный,"кура отварная, сливки, грибы, лук, сыр Моцарелла, майонез.
120 гр.",177,0,0,21,0,0,12,,0,,Unset,,,C:\Users\New\Desktop\Кафе Винтаж версия 9.09.019\Меню Винтаж 2020\Для Яндекс Еды\Горячие закуски\Жульен куриный 120г.JPG,,,,,,,,,,
pp3swik9,Супы,Суп-пюре Пармантье,"сливки, белые грибы, молоко, картофель, сухарики.
310 гр.",287,0,0,21,0,0,30,Рекомендуем добавить :)|Сухарики 30 гр.,0,,Unset,,,C:\Users\New\Desktop\Кафе Винтаж версия 2020\Меню Винтаж 2020\Для Яндекс Еды\Суп\Суп Крем Пармантье 310гр .jpg,,,,,,,,,,
m7cy0s1t,Супы,Солянка сборная мясная,"говядина, язык, сервелат, ветчина, сосиски, копчености, мар. огурец, томат, лук.
300 гр.",279,0,0,21,0,0,25,Рекомендуем добавить:)|Сухарики 30 гр.,0,,Unset,,,C:\Users\New\Desktop\Кафе Винтаж версия 2020\Меню Винтаж 2020\Для Яндекс Еды\Суп\Солянка сборная мясная 300гр.jpg,,,,,,,,,,
i82p0tgd,Супы,Бульон куриный с гренками,"курица, яйцо, зелень.
300 гр.",179,0,0,21,0,0,25,Рекомендуем добавить :)|Сухарики 30 гр.,0,,Unset,,,C:\Users\New\Desktop\Кафе Винтаж версия 2020\Меню Винтаж 2020\Для Яндекс Еды\Суп\Бульон куриный с яйцом 300 гр.jpg,,,,,,,,,,
tf2ybs7j,Супы,Окрошка,"квас, ветчина, огурец, яйцо, картофель, сметана, зелень, лук зелный.
350 гр.",169,0,0,21,0,0,35,,0,,Unset,,,C:\Users\New\Desktop\Кафе Винтаж версия 9.09.019\Меню Винтаж 2020\Для Яндекс Еды\Суп\окрошка.jpg,,,,,,,,,,
wwbbrtk8,Супы,Борщ Московский,"бульон говяжий, бекон, картофель, капуста, морковь, лук, свекла, майонез, зелень.
250 гр.",187,0,0,21,0,0,25,Рекомендуем добавить :)|Сухарики 30 гр.|Сметана 50 гр.|Бекон варено-копченый 25 гр.,0,,Unset,,,C:\Users\New\Desktop\Кафе Винтаж версия 9.09.019\Меню Винтаж 2020\Для Яндекс Еды\Суп\Борщ Московский  250 г.JPG,,,,,,,,,,
977n16tx,Супы,Уха Ростовская с расстегаем,"бульон рыбный, семга с\с, масленная х\к, картофель, лук, зелень, расстегай с рыбой.
320 гр.",294,0,0,21,0,0,25,Рекомендуем добавить :)|Сухарики 50 гр.,0,,Unset,,,C:\Users\New\Desktop\Кафе Винтаж версия 2020\Меню Винтаж 2020\Для Яндекс Еды\Суп\Уха с лососем и растегаем 320гр.jpg,,,,,,,,,,
3rs71b2t,Блины,Блинчики с грибами,"блины, грибы жаренные, лук, сметана.
150 гр.",205,0,0,21,0,0,15,,0,,Unset,,,C:\Users\New\Desktop\Кафе Винтаж версия 9.09.019\Меню Винтаж 2020\Для Яндекс Еды\Блины\блины с грибами.jpg,,,,,,,,,,
pajva9ox,Блины,Блинчики с мясом,"блины, мраморная говядина, свинина, лук.
110 гр.",147,0,0,21,0,0,12,,0,,Unset,,,C:\Users\New\Desktop\Кафе Винтаж версия 9.09.019\Меню Винтаж 2020\Для Яндекс Еды\Блины\Блины с мясом 110 г.JPG,,,,,,,,,,
e4b3g9nu,Блины,Блинчики с ветчиной и сыром,"блины, ветчина, сыр Моцарелла, зелень.
250 гр.",159,0,0,21,0,0,25,Рекомендуем добавить :)|Соус Барбекю (готовим сами) (50 г)|Соус Томатно-острый (готовим сами) (50 г),0,,Unset,,,C:\Users\New\Desktop\Кафе Винтаж версия 9.09.019\Меню Винтаж 2020\Для Яндекс Еды\Блины\Блинчики с ветчиной и сыром 250 г.JPG,,,,,,,,,,
4oaxk6u7,Блины,Блинчик с красной икрой,"блин, икра красная, масло сливочное.
70 гр.",146,0,0,20,0,0,10,,0,,Unset,,,C:\Users\New\Desktop\Кафе Винтаж версия 9.09.019\Меню Винтаж 2020\Для Яндекс Еды\Блины\Блинчик с красной икрой 70 г.JPG,,,,,,,,,,
wk69wn0h,Блины,Блинчики с семгой,"блины, семга с/с, лимон, зелен.
180 гр.",279,0,0,21,0,0,18,,0,,Unset,,,C:\Users\New\Desktop\Кафе Винтаж версия 9.09.019\Меню Винтаж 2020\Для Яндекс Еды\Блины\Блинчики с семгой 180 г.JPG,,,,,,,,,,
ya1j4juf,Блины,Блинчик к чаю,1 шт.,49,0,0,21,0,0,15,Рекомендуем добавить :)|Соус Шоколад (25 г)|Сироп Клубника (25 г)|Сироп Ванильный (25 г)|Сироп Малина (25 г)|Сгущенка (50 г)|Сироп Вишня (25 г)|Сироп Карамель (25 г)|Сироп Ореховый (25 г)|Сметана (50 г),0,1:15,0,Unset,,,C:\Users\New\Desktop\Кафе Винтаж версия 9.09.019\Меню Винтаж 2020\Для Яндекс Еды\Блины\Блинчик к чаю 35 г.JPG,,,,,,,,,
k81w60ff,Блюда на углях мясные,Шашлык из курицы,"филе бедра курицы, соус Барбекю, лук маринованный.
200 гр.",349,0,0,21,0,0,20,Рекомендуем добавить:)|Соус томатно-острый|Соус Барбекю|Соус сметанно-чесночный|Картофель в фольге|Овощи гриль,0,1:15,0,Unset,,,C:\Users\New\Desktop\Кафе Винтаж версия 2020\Меню Винтаж 2020\Для Яндекс Еды\Мясные\шашлы без соуса\Шашлык Индейка за 100гр.jpg,,,,,,,,,
gcwsj4ud,Блюда на углях мясные,Отбивная из говядины,"вырезка из телятины, растительное масло, зелень.
150 гр.",375,0,0,21,0,20,,1,1:15,0,Unset,,,,,,,,,,,,,
hc639hlj,Блюда на углях мясные,Медальоны из свинины,"вырезка из свинины, капуста мар., зелень.
150/50 гр.",333,0,0,21,0,0,20,Рекомендуем добавить :)|Соус Томатно-острый (делаем сами) (50 г)|Соус Болье (маринованные огурцы, лук-репка красный, майонез) (50 г),0,,Unset,,,C:\Users\New\Desktop\Кафе Винтаж версия 9.09.019\Меню Винтаж 2020\Для Яндекс Еды\Мясные\Медальоны из свинины 200г.JPG,,,,,,,,
o9vz2hm1,Блюда на углях мясные,Бифштекс натурально-рубленный,"вырезка говяжья, яйцо, зелень.
150 гр.",299,0,0,21,0,0,20,Рекомендуем добавить :)|Соус Томатно-острый 50гр|Соус Барбекю|Овощи по восточному|Дранники Мюнхен|Картофель в фольге,0,1:15,0,Unset,,,C:\Users\New\Desktop\Кафе Винтаж версия 9.09.019\Меню Винтаж 2020\Для Яндекс Еды\Мясные\Бифштекс натурально-рубленый 150 г.JPG,,,,,,,,,
47np2930,Блюда на углях мясные,Индейка гриль,"филе индейки, соус гранатовый, помидор, огурец, зелень.
180 гр.
",333,0,0,21,0,0,33,Рекомедуем добавить :)|Капуста маринованная (50 г) (фирменный рецепт)|Картофельное пюре (150 г) (свежий картофель, сливки, молоко, сыр Гойа)|Соус Сметанно-чесночный (50 г)|Фрикасе из овощей (150 г) (капуста цветная, брокколи, морковь, перец болгарский, кунжут),1,1:15,0,Unset,,,,,
2nn84tir,Блюда на углях мясные,Ассорти из шашлыков,"вырезка говяжья, вырезка свиная, филе бедра курицы, соус Барбекю.
300 гр.",777,0,0,21,0,0,30,Рекомендуем добавить :)|Капуста маринованная (50 г) (фирменный рецепт)|Картофель по домашнему (180 г) (картофель, шампиньоны жареные, лук-репка)|Соус сметанно-чесночный (50 г),0,1:15,0,Unset,,,C:\Users\New\Desktop\Кафе Винтаж версия 9.09.019\Меню Винтаж 2020\Для Яндекс Еды\Мясные\Ассорти из шашлыков 300 г.JPG,,,,,,,
dm8gmc68,Блюда на углях мясные,Шашлык из говядины,"Нежнейшая говяжья вырезка, лук красный маринованный, соус томатный-острый.
200 гр.
{ХИТ}*",799,0,0,21,0,0,20,Рекомендуем добавить :)|Капуста маринованная 50гр (фирменный рецепт)|Картофель Гриль 150гр ( из свежего картофеля)|Цветная капуста в яйце 150гр (цветная капуста, яйцо, сухари),0,1:15,0,Unset,,,C:\Users\New\Desktop\Кафе Винтаж версия 2020\Меню Винтаж 2020\Для Яндекс Еды\Мясные\шашлы без соуса\Шашлык из говядины за 100гр.jpg,,,,,,,
zwps50yr,Блюда на углях мясные,Шашлык из свиной вырезки,"Свиная нежная вырезка , маринованная по фирменному рецепту. Приготовленная на углях. Подаётся с соусом барбекю и маринованной капустой.
200 гр
",444,0,0,21,0,0,20,Рекомендуем добавить :)|Маринованная капуста (фирменный рецепт) 50 гр|Соус Сметанно-чесночный 50 г|Овощи гриль (баклажан, кабачок-цукини, перец болгарский, томат) 150 г|Соус Барбекю (делаем сами) 50 г|Картофель гриль (из свежего картофеля) 150 г,0,1:15,0,Unset,,,C:\Users\New\Desktop\Кафе Винтаж версия 2020\Меню Винтаж 2020\Для Яндекс Еды\Мясные\Шашлык из свиной  вырезки 350 гр.jpg,,,,,,
suc8sezx,Блюда на углях мясные,Мясное ассорти на гриле,"вырезка свиная, вырезка говяжья, филе индейки, колбаска Баварская, соус Танкацу, помидор, огурец, зелень.
300/50/30 гр.",449,0,0,21,0,315,,1,1:15,0,Unset,,,,,,,,,,,,,
pb1n19q6,Блюда на углях мясные,Ягненок гриль,"каре ягненка.
300 гр.",550,0,0,20,0,0,30,,0,,Unset,,,,,,,,,,,,,
as937saq,Блюда на углях мясные,Шейка BBQ,"шея свиная, картофель Фри, соус Барбекю, капуста маринованная
150/100/50/50 гр
",555,0,0,21,0,0,20,Рекомендуем добавить :)|Огурец маринованный (50 г) (маринуем сами)|Лук маринованный (50 г) (лук репка красный)|Соус Сырный (50 г)|Соус Сметанно-чесночный (50 г)|Соус Барбекю (50 г) (делаем сами),0,1:15,0,Unset,,,C:\Users\New\Desktop\Кафе Винтаж версия 2020\Меню Винтаж 2020\Для Яндекс Еды\Мясные\Стейк Шея 210гр Фри 100гр.jpg,,,,,,,,,
9uv6oe6x,Блюда на углях мясные,Куриные крылья гриль,"куриное крыло, специи, соус томатно-острый.
400 гр.",498,0,0,21,0,0,40,Рекомендуем добавить :)|Соус сметанно-чесночный (50 г)|Соус барбекю (50 г)(делаем сами)|Картофель фри (100 г)|Картофель гриль (150 г) (из свежего картофеля)|Соус томатно-острый (50 г) (делаем сами),0,1:15,0,Unset,,,C:\Users\New\Desktop\Кафе Винтаж версия 9.09.019\Меню Винтаж 2020\Для Яндекс Еды\Мясные\Куриные крылья гриль 400г.JPG,,,,,,,,,
2at2jn9u,Рыба и море продукты,Форель гриль,"форель Речная, лимон, чеснок, маслина, зелень, специи Santa Maria.
цена  за 100 гр.
Цена в кафе: 179р.
НЕ ДОСТУПНО ДЛЯ ДОСТАВКИ.",0,0,21,0,0,,0,,Unset,,,C:\Users\New\Desktop\Кафе Винтаж версия 9.09.019\Меню Винтаж 2020\Для Яндекс Еды\Рыбные\форель.JPG,,,,,,,,,,,,
kzbxbnct,Рыба и море продукты,Креветки на гриле,"тигровые креветки, лимон, зелень.
выход: 110 гр.",598,0,0,21,0,0,Рекомендуем добавить :)|Соус гранатовый (Наршираб) 50гр.|Сметанно-чесночный 50 гр.|Соус Тонкацу (делаем сами) 50 гр.,0,,Unset,,,C:\Users\New\Desktop\Кафе Винтаж версия 9.09.019\Меню Винтаж 2020\Для Яндекс Еды\Рыбные\Креветки Гриль 100г цена 498р.JPG,,,,,,,,,,,
70t8vh1v,Рыба и море продукты,Дорадо на гриле,"дорадо, лимон, зелень.
цена за 100 гр.
Цена в кафе: 287р.
НЕ ДОСТУПНО ДЛЯ ДОСТАВКИ.",0,0,21,0,0,10,,0,,Unset,,,C:\Users\New\Desktop\Кафе Винтаж версия 9.09.019\Меню Винтаж 2020\Для Яндекс Еды\Рыбные\дорадо.jpg,,,,,,,,,,,
bkh6k4sg,На компанию,Ассорти к пиву,"кольца кальмара в кляре, луковые кольца, соус Болье.
100/100/50 гр.

*скидки не распространяются",486,0,0,21,0,0,Рекомендуем добавить :)|Сырный соус 50 гр.|Сметанно-чесночный 50 гр.,0,,Unset,,,C:\Users\New\Desktop\Кафе Винтаж версия 9.09.019\Меню Винтаж 2020\Для Яндекс Еды\Закуски к пиву\Ассорти к пиву 250г.JPG,,,,,,,,,,,
b81dwtu9,На компанию,Мясная тарелка,"шашлык из свинины, куриные крылья, шашлык из курицы, шашлык из мраморной говядины, люля-кебаб, соус Томатно-острый, соус сметано-чесночный.
400/200/200/100/180/50/50 гр

*скидки не распространяются.",1970,0,0,21,0,0,Рекомендуем добавить :)|Сырный соус (50 г)|Фрикасе из овощей с цветной капустой, брокколи, морковью, болгарским перцем и кунжутом (150 г)|Капуста, маринованная по фирменному рецепту (50 г)|Овощи гриль с баклажаном, кабачком, перцем и томатом (150 г)|Картофель Фри (100 г)|Картофель гриль (150 г) (из свежего картофеля)|Соус Барбекю (50 г) (делаем сами),0,,Unset,,,C:\Users\New\Desktop\Кафе Винтаж версия 9.09.019\Меню Винтаж 2020\Для Яндекс Еды\Мясные\Мясная тарелка 980г.JPG,,,,,
5pq4y4ne,Гарниры,Овощи гриль,"цукини (кабачки), баклажаны, перец болгарский, томат.
150 гр.",187,0,0,21,0,0,,0,,Unset,,,C:\Users\New\Desktop\Кафе Винтаж версия 9.09.019\Меню Винтаж 2020\Для Яндекс Еды\Гарниры\Овощи Гриль 150 г.JPG,,,,,,,,,,,
c8hr1zrn,Гарниры,Картофель в фольге,"картофель, соус Болье, сыр Моцарелла.
200 гр.",168,0,0,21,0,0,,0,,Unset,,,C:\Users\New\Desktop\Кафе Винтаж версия 2020\Меню Винтаж 2020\Для Яндекс Еды\Гарниры\Картошка в Фольге.JPG,,,,,,,,,,,
ifwax3wg,Гарниры,Картофель гриль.,150 гр.,187,0,0,21,0,0,Рекомендуем добавить :)|Кетчуп Хайнц (50 г)|Сметанно-чесночный (50 г)|Сырный соус (50 г)|Соус Томатно-острый (50 г),0,,Unset,,,C:\Users\New\Desktop\Кафе Винтаж версия 9.09.019\Меню Винтаж 2020\Для Яндекс Еды\Гарниры\Картофель Гриль 150 г.JPG,,,,,,,,,,,
jy4ge7hb,Соуса,Соус болье,"майонез, лук репчатый, огурцы маринованные.
50 гр.",55,0,0,21,0,0,,0,,Unset,,,C:\Users\New\Desktop\Кафе Винтаж версия 9.09.019\Меню Винтаж 2020\Для Яндекс Еды\Соуса\Соус Болье 50 г.JPG,,,,,,,,,,,
b8v09mv2,Соуса,Соус Барбекю,"томатный соус, лук репка, мед, соевый соус, чеснок.
50 гр.",55,0,0,21,0,0,,0,,Unset,,,C:\Users\New\Desktop\Кафе Винтаж версия 9.09.019\Меню Винтаж 2020\Для Яндекс Еды\Соуса\Соус Барбекю 50 г.JPG,,,,,,,,,,,
enh26qfl,Соуса,Соус тонкацу,"кисло-острый сладкий соус.
50 гр.",55,0,0,21,0,0,,0,,Unset,,,,,,,,,,,,,,
9y1qu172,Соуса,Соус томатный - острый,"томатный соус, чеснок, кинза, перец Чили.
50 гр.",55,0,0,21,0,0,,0,,Unset,,,C:\Users\New\Desktop\Кафе Винтаж версия 9.09.019\Меню Винтаж 2020\Для Яндекс Еды\Соуса\Острый томатный соус 50 г.JPG,,,,,,,,,,,
s2ewzloe,Соуса,Соус майонез,50 гр.,55,0,0,21,0,0,,0,,Unset,,,C:\Users\New\Desktop\Кафе Винтаж версия 9.09.019\Меню Винтаж 2020\Для Яндекс Еды\Соуса\Майонез 50 г.JPG,,,,,,,,,,,
cw7j2hx0,Соуса,Горчица Русская,50 гр.,55,0,0,21,0,0,,0,,Unset,,,C:\Users\New\Desktop\Кафе Винтаж версия 9.09.019\Меню Винтаж 2020\Для Яндекс Еды\Соуса\горчица.jpg,,,,,,,,,,,
sppglt5w,Соуса,Гранатовый соус,50 гр.,80,0,0,21,0,0,,0,,Unset,,,C:\Users\New\Desktop\Кафе Винтаж версия 9.09.019\Меню Винтаж 2020\Для Яндекс Еды\Соуса\Соус Гранатовый 50 г.JPG,,,,,,,,,,,
2to9qrpz,Соуса,Лук маринованый,50 гр.,55,0,0,21,0,0,,0,,Unset,,,C:\Users\New\Desktop\Кафе Винтаж версия 9.09.019\Меню Винтаж 2020\Для Яндекс Еды\Соуса\Лук маринованный 50 г.JPG,,,,,,,,,,,
9uewuknv,Мясные блюда,Телятина Винтаж,"телятина, сливки, вишня, белые грибы, горчица Дижон, зелень, помидор, огурец.
200 гр.",391,0,0,21,0,0,,0,,Unset,,,C:\Users\New\Desktop\Кафе Винтаж версия 9.09.019\Меню Винтаж 2020\Для Яндекс Еды\Мясные\Телятина Винтаж 200г.JPG,,,,,,,,,,,
e0dt02ow,Мясные блюда,Телятина Оригинальная,"телятина, бекон, картофель фри, с-с Цезарь, соус Гранат, сыр Моцарелла.
220 гр.",397,0,0,21,0,0,,0,,Unset,,,C:\Users\New\Desktop\Кафе Винтаж версия 9.09.019\Меню Винтаж 2020\Для Яндекс Еды\Мясные\Телятина Оригинальная 220г.JPG,,,,,,,,,,,
ut6yzobv,Мясные блюда,Курица по-китайски,"куриное филе, грибы, морковь по корейски, крахмал, с-с Тонкацу, зелень.
400 гр.",348,0,0,21,0,0,,0,,Unset,,,C:\Users\New\Desktop\Кафе Винтаж версия 9.09.019\Меню Винтаж 2020\Для Яндекс Еды\Мясные\Курица по китайски.JPG,,,,,,,,,,,
fhiwuthu,Мясные блюда,Филе Смак,"филе куриной грудки, сыр Моцарелла, яйцо.
200 гр.",297,0,0,21,0,0,,0,,Unset,,,C:\Users\New\Desktop\Кафе Винтаж версия 9.09.019\Меню Винтаж 2020\Для Яндекс Еды\Мясные\Филе Смак 200г.JPG,,,,,,,,,,,
6s6reuoj,Мясные блюда,Эскалоп по-цыгански,"свинина, яйцо, ветчина, сухари, майонез, сыр Моцарелла, зелень, помидор, капуста маринованная.
270/50 гр.",389,0,0,21,0,0,,0,,Unset,,,C:\Users\New\Desktop\Кафе Винтаж версия 9.09.019\Меню Винтаж 2020\Для Яндекс Еды\Мясные\Эскалоп по-цыгански 320г.JPG,,,,,,,,,,,
yyvilcu2,Мясные блюда,Свинина Маринеб,"вырезка свининая, маринованный огурец, помидор, майонез, сыр, зелень.
200 гр.",249,0,0,21,0,0,,0,,Unset,,,C:\Users\New\Desktop\Кафе Винтаж версия 9.09.019\Меню Винтаж 2020\Для Яндекс Еды\Мясные\Свинина Маринеб 220г.JPG,,,,,,,,,,,
13k5scs9,Мясные блюда,Каре ягненка,"ребра ягненка, с-с Барбекю, гратен из белых грибов.
400 гр.",650,0,21,0,0,,0,,Unset,,,,,,,,,,,,,,,
qq0v7rq3,Мясные блюда,Жаркое по домашнему,"говядина, картофель, бульон, лук, томат, грибы, майонез, сыр, зелень.
450 гр.",348,0,21,0,0,,0,,Unset,,,,,,,,,,,,,,,
w9cdsytv,Мясные блюда,Бифштекс куриный,"филе грудки, лук.
150 гр.",247,0,21,0,0,,0,,Unset,,,,,,,,,,,,,,,
7pxbucsz,Мясные блюда,Медальоны Дон Базилио,"вырезка говяжья, помидор, с-с перечно-сливочный, сыр Пармезан, белое вино.
250 гр.
{ХИТ}*",499,0,0,21,0,0,,0,,Unset,,,C:\Users\New\Desktop\Кафе Винтаж версия 9.09.019\Меню Винтаж 2020\Для Яндекс Еды\Мясные\Медальоны Дон Базилио 250г.JPG,,,,,,,,,,,
exzhmvmz,Блюда из рыбы и морепродуктов,Палтус Жаренный,"палтус, с-с коктельный, лимон, маслина, зелень, специи санта мария, зелень.
цена за 100 гр.",229,0,21,0,0,Палтус за 100 гр.|Палтус за 150 гр|Палтус за 200 гр|Палтус за 250 гр|Палтус за 300 гр,0,,Unset,,,,,,,,,,,,,,,
6d9syxmi,Блюда из рыбы и морепродуктов,Филе по Английски,"лосоь, бекон с/к, с-с Гранатовый, фрикасе из овощей.
400 гр.",443,0,21,0,0,,0,,Unset,,,,,,,,,,,,,,,
7gxa8vnh,Блюда из рыбы и морепродуктов,Форель в конверте,"форель радужная, белое вино, лимон, чеснок, маслина, зелень.
цена за 100 гр.",160,0,21,0,0,Форель за 100 гр|Форель за 150 гр|Форель за 200 гр|Форель за 250 гр|Форель за 300 гр,0,,Unset,,,,,,,,,,,,,,,
3vwoqlfm,Блюда из рыбы и морепродуктов,Креветки в кляре,"креветки, растительное масло, специи, кляр, с-с коктельный, зелень.
200 гр.",364,0,21,0,0,,0,,Unset,,,,,,,,,,,,,,,
2dpqla9q,Пасты и пельмени,Фетучини Кон-фунги,"Паста из твердых сортов пшеницы Barilla, маринованная мраморная говядина, белые грибы жареные, сливки 33% (Белый город), сыр Пармезан, зелень.
300 гр.",487,0,0,21,0,0,Рекомендуем добавть :)|Тертый сыр Пармезан 10 гр.,0,,Unset,,,,,,,,,,,,,,
k2v5bmkl,Пасты и пельмени,Спагетти Карбонара,"Паста из твердых сортов пшеницы Barilla, сливки 33 % (Белый город), бекон копчено-вареный, сыр Пармезан, зелень.
300 гр.",343,0,0,21,0,0,Рекомендуем добавть :)|Сыр твердый Пармезан (тертый) 10гр.,0,1:15,0,Unset,,,C:\Users\New\Desktop\Кафе Винтаж версия 9.09.019\Меню Винтаж 2020\Для Яндекс Еды\Паста и пельмени\Спагетти Карбонара 350 г.JPG,,,,,,,,,,
v3vl7lql,Пасты и пельмени,Феттуччине с лососем,"Паста из твердых сортов пшеницы Barilla, филе лосося, сливки 33 % (Белый Город), сыр Пармезан, зелень.
380 гр.",497,0,0,21,0,0,Рекомендуем добавть :)|Тертый сыр Пармезан 10 гр.,0,1:15,0,Unset,,,C:\Users\New\Desktop\Кафе Винтаж версия 9.09.019\Меню Винтаж 2020\Для Яндекс Еды\Паста и пельмени\Фетучини с лососем 380 г.JPG,,,,,,,,,,
sa6ex5il,Пасты и пельмени,Феттуччине с креветками,"Паста из твердых сортов пшеницы Barilla, тигровые креветки крупные, сливки 33 % (Белый город), болгарский перец, сыр Пармезан, зелень.
380 гр.
",537,0,0,21,0,0,Рекомендуем добавть :)|Тертый сыр Пармезан 10 гр.,0,1:15,0,Unset,,,C:\Users\New\Desktop\Кафе Винтаж версия 9.09.019\Меню Винтаж 2020\Для Яндекс Еды\Паста и пельмени\Феттучине с креветками 380 г.JPG,,,,,,,,,,
s6xuwgpw,Гарниры,Картофель фри,"Картофель фри.
100 гр.",157,0,0,21,0,0,10,Рекомендуем добавить :)|Кетчуп Хайнц (50 г)|Сырный соус (50 г)|Соус Барбекю (50 г),0,,Unset,,,C:\Users\New\Desktop\Кафе Винтаж версия 9.09.019\Меню Винтаж 2020\Для Яндекс Еды\Гарниры\Картофель фри100г.JPG,,,,,,,,,,
0cmg0c7p,Гарниры,Фрикасе из овощей,"Цветная капуста, кунжут, брокколи, морковь, перец болгарский, кунжутное масло.
180 гр.",167,0,0,21,0,0,20,,0,,Unset,,,C:\Users\New\Desktop\Кафе Винтаж версия 9.09.019\Меню Винтаж 2020\Для Яндекс Еды\Гарниры\Фрикасе из овощей 180 г.JPG,,,,,,,,,,
ah31mtop,Гарниры,Дранники по-деревенски,"Грибы, картофель, яйцо, лук, зелень, сметана.
300 гр.",213,0,0,21,0,0,30,,0,,Unset,,,C:\Users\New\Desktop\Кафе Винтаж версия 9.09.019\Меню Винтаж 2020\Для Яндекс Еды\Гарниры\Драники по-деревенски 300 г.JPG,,,,,,,,,,
1mzpzy0s,Блины,Топинги к блинчикам,К блинчикам.,0,0,21,0,0,5,Сироп шоколадный|Сироп вишневый|Сироп малина|Сироп карамель|Сметана|Сгущенка,0,,Unset,,,,,,,,,,,,,,
xu2cd4cy,Десерты,Шоколадный фондан,"Бисквит, шоколадный соус, ванильное мороженное, грецкий орех, вишневый соус.
180 гр.",246,0,0,21,0,0,18,,0,,Unset,,,C:\Users\New\Desktop\Кафе Винтаж версия 9.09.019\Меню Винтаж 2020\Для Яндекс Еды\Десерты\Шоколадный фондан 180г.JPG,,,,,,,,,,
mf21czt1,Десерты,Штрудель яблочно-вишневый,"Слоеное тесто, яблоко, вишня, виноград, морожное шоколадное, корица, взбитые сливки.
250 гр.",251,0,0,21,0,0,25,,0,,Unset,,,C:\Users\New\Desktop\Кафе Винтаж версия 9.09.019\Меню Винтаж 2020\Для Яндекс Еды\Десерты\Яблочно-вишневый штрудель 250г.JPG,,,,,,,,,,
ypzqugqe,Десерты,Чизкейк вишневый,"Чизкейк, топинг шоколадный.
120 гр.
{ХИТ}*",194,0,0,20,0,0,12,,0,,Unset,,,C:\Users\New\Desktop\Кафе Винтаж версия 9.09.019\Меню Винтаж 2020\Для Яндекс Еды\Десерты\Вишневый Чизкейк 120 г.JPG,,,,,,,,,,
85eyx6qq,Десерты,Чизкейк Нью-Йорк,"Чизкейк, топинг: вишня и шоколад.
120 гр.",224,0,0,21,0,0,12,,0,,Unset,,,C:\Users\New\Desktop\Кафе Винтаж версия 9.09.019\Меню Винтаж 2020\Для Яндекс Еды\Десерты\Чизкейк Нью Йорк 120 г.JPG,,,,,,,,,,
6gmprume,Десерты,Чизкейк Фэнтези,"Чизкейк шоколадный, взбитые сливки, соус вишня.
140 гр.",194,0,0,20,0,0,14,,0,1:10,0,Unset,,,C:\Users\New\Desktop\Кафе Винтаж версия 9.09.019\Меню Винтаж 2020\Для Яндекс Еды\Десерты\Чикейк Фэнтази 140 г.JPG,,,,,,,,,
lzloloxe,Закуски к пиву,Чертовские крылышки,"Крыло куриное, чили перец, соус восточный.
180 гр.",321,0,0,21,0,0,18,Рекомендуем добавть :)|Соус Барбекю (делаем сами) 50 гр.|Сырный соус 50 гр.|Картофель фри 100гр|Соус Тонкацу(делаем сами) 50 гр.|Маринованная капуста (фирменный рецепт) 50 гр.,0,,Unset,,,C:\Users\New\Desktop\Кафе Винтаж версия 9.09.019\Меню Винтаж 2020\Для Яндекс Еды\Закуски к пиву\Чертовские крылышки 180г.JPG,,,,,,,,,,
ubdoywvt,Закуски к пиву,Кольца кальмара в кляре фри.,"Кальмар, кляр, соус болье.
150/50 гр.",319,0,0,21,0,0,15,,0,,Unset,,,C:\Users\New\Desktop\Кафе Винтаж версия 9.09.019\Меню Винтаж 2020\Для Яндекс Еды\Закуски к пиву\Кольца кальмара  фри 150г.JPG,,,,,,,,,,
451jknzr,Закуски к пиву,Сырные палочки фри,"Сыр ""Моцарелла"", кляр, соус Болье.
250 гр.",299,0,0,21,0,0,25,Рекомендуем добавть :)|Сметанно-чесночный соус 50 гр.,0,,Unset,,,C:\Users\New\Desktop\Кафе Винтаж версия 9.09.019\Меню Винтаж 2020\Для Яндекс Еды\Закуски к пиву\Сырные палочки фри 150 г.JPG,,,,,,,,,,
3tdsrzmi,Закуски к пиву,Лосось к пиву,"Лосось с/с, лимон, маслины, зелень.
90 гр.",156,0,0,20,0,0,90,,0,,Unset,,,C:\Users\New\Desktop\Кафе Винтаж версия 9.09.019\Меню Винтаж 2020\Для Яндекс Еды\Закуски к пиву\Лосось к пиву 90 г.JPG,,,,,,,,,,
vrepzkb9,Закуски к пиву,Корочки Ильича,"Бородинский хлеб, чеснок, сметанно-чесночный соус.
150/50 гр.",147,0,0,21,0,0,15,,0,,Unset,,,C:\Users\New\Desktop\Кафе Винтаж версия 9.09.019\Меню Винтаж 2020\Для Яндекс Еды\Закуски к пиву\Корочки Ильича 200 г.JPG,,,,,,,,,,
13kdrn2r,Закуски к пиву,Бекон к пиву,"Бекон.
за 100 гр.",179,0,0,20,0,0,10,,0,,Unset,,,C:\Users\New\Desktop\Кафе Винтаж версия 9.09.019\Меню Винтаж 2020\Для Яндекс Еды\Закуски к пиву\Бекон к пиву 60 г.JPG,,,,,,,,,,
w1lw0ky8,Пасты и пельмени,Пельмени вареные,"Пельмени.
200 гр.",286,0,0,21,0,0,20,,0,1:15,0,Unset,,,C:\Users\New\Desktop\Кафе Винтаж версия 9.09.019\Меню Винтаж 2020\Для Яндекс Еды\Паста и пельмени\Пельмени вареные 200 г.JPG,,,,,,,,,
i0cv7e3n,Пицца,Фокачча с кунжутом,"Лепешка пшеничная, кунжут, зелень, маонез. 
180 гр.",197,0,0,21,0,0,50,,0,1:15,0,Unset,,,C:\Users\New\Desktop\Кафе Винтаж версия 9.09.019\Меню Винтаж 2020\Для Яндекс Еды\Пицца\Фокачча с кунжутом 180 г.JPG,,,,,,,,,
2sy1u1xs,Пицца,Фокачча с помидором,"Лепешка пшеничная, помидор, зелень, соус Цезарь.
200 гр.",211,0,0,21,0,0,50,,0,1:15,0,Unset,,,C:\Users\New\Desktop\Кафе Винтаж версия 9.09.019\Меню Винтаж 2020\Для Яндекс Еды\Пицца\Фокачча с помидором 200 г.JPG,,,,,,,,,
i3ybpa8i,Пицца,Пицца с ветчиной и сыром.,тесто, томат, соус, сыр Моцарелла, ветчина, зелень.,477,0,0,21,0,0,50,,0,1:15,0,Unset,,,C:\Users\New\Desktop\Кафе Винтаж версия 9.09.019\Меню Винтаж 2020\Для Яндекс Еды\Пицца\Пицца с ветчиной и сыром 450 г.JPG,,,,
s0mgnvgh,Гамбургеры,Гамбургер Ассорти,"Филе куриной грудки, свиная вырезка, помидоры, листовой салат, маринованые огурцы, соус Барбекю, маонез.
300 гр.",279,0,0,20,0,0,,0,1:15,0,Unset,,,,,,,,,,,,,
lzpwtc8e,Гамбургеры,Гамбургер Винтаж,"Филе говядины, томаты, лук, маринованные огурцы, сыр, томатный соус, картофель фри.
350 гр.",439,0,0,20,0,0,,0,1:15,0,Unset,,,,,,,,,,,,,
ycceba6k,Гамбургеры,Гамбургер с индейкой,"Филе индейки, листовой салат, томат, соуса: Цезарь и Тонкацу.
250 гр.",279,0,0,20,0,0,,0,1:15,0,Unset,,,,,,,,,,,,,
czqicycf,Гамбургеры,Гамбургер Стейкхаус,"100%-ная  говядина, бекон, лист салата, помидор, соус Барбекю.
220 гр.",249,0,0,20,0,0,,0,1:15,0,Unset,,,,,,,,,,,,,
jbl6kpdb,Гамбургеры,Чизбургер,"Бифштекс из 100% говядины, лист салата, сыр, помидор, соуса: Болье, шашлычный.
200 гр.",149,0,0,20,0,0,,0,1:15,0,Unset,,,,,,,,,,,,,
hoxiysl0,Гамбургеры,Гамбургер Цезарь,"Филе куриной грудки, томат, лист салата, кетчуп Хаинц, сыр, соус Цезарь.
230 гр.",169,0,0,20,0,0,,0,1:15,0,Unset,,,,,,,,,,,,,
yhw4nqln,Гамбургеры,Гамбургер,"Бифштекс из 100% говядины, маринованный огурец, лист салата, горчица Дижон, шашлычный соус.
160 гр.",139,0,0,20,0,0,,0,1:15,0,Unset,,,,,,,,,,,,,
8vrc7gmr,Салаты,Салат Цезарь с лососем,"листья салата, соус Цезарь, чесночные сухарики, лосось с\с, сыр Пармезан.
205 гр.",341,0,0,21,0,0,Рекомендуем добавить :)|Соус Цезарь (делаем сами) 50 гр.|Сыр Пармезан 10 гр.|Лосось слабосоленый (солим с морской солью) 50 гр.,0,,Unset,,,C:\Users\New\Desktop\Кафе Винтаж версия 9.09.019\Меню Винтаж 2020\Для Яндекс Еды\Салаты\Салат Цезарь с лососем 210г.JPG,,,,,,,,,,,
ttlskb2e,Салаты,Салат Цезарь с креветками,"листья салата, соус Цезарь, чесночные сухарики, креветки тигровые, сыр Пармезан.
200 гр.",467,0,0,21,0,0,Рекомендуем добавить :)|Соус Цезарь (делаем сами) 50 гр.|Сыр Пармезана 10 гр.,0,,Unset,,,C:\Users\New\Desktop\Кафе Винтаж версия 9.09.019\Меню Винтаж 2020\Для Яндекс Еды\Салаты\Салат Цезарь с криветкой.JPG,,,,,,,,,,,
g27y35y2,Мясные блюда,Колбаски баварские,"колбаса баварская, картофель фри, соус томатно-острый, зелень.
180/100/50 гр.
{ХИТ}*",367,0,0,21,0,0,Рекомендуем добавить :)|Сметанно-чесночный (50 г),0,,Unset,,,C:\Users\New\Desktop\Кафе Винтаж версия 9.09.019\Меню Винтаж 2020\Для Яндекс Еды\Мясные\Колбаски Баварские 280г.JPG,,,,,,,,,,,
iz9sqvg1,Мясные блюда,Мясо Албани,"вырезка говяжья, баклажаны, цукини, томат, лук, картофель, шампиньоны, прец болг., чеснок, соевый соус.
310 гр.",397,0,0,21,0,0,,0,,Unset,,,C:\Users\New\Desktop\Кафе Винтаж версия 2020\Меню Винтаж 2020\Для Яндекс Еды\Мясные\Мясо Албани 310гр.jpg,,,,,,,,,,,
epw73x8y,Мясные блюда,Филе Кордон Блю,"куриная грудка, соус Цезарь, ветчина из индейки, сыр Моцарелла.
230/20/15 гр.",317,0,0,21,0,0,,0,,Unset,,,C:\Users\New\Desktop\Кафе Винтаж версия 9.09.019\Меню Винтаж 2020\Для Яндекс Еды\Мясные\Филе Кордон Блю 250 г.JPG,,,,,,,,,,,
feih0gwx,Блюда на углях мясные,Люля-кебаб,"фарш мясной, лук репка, специи, соус томатный, лук маринованный.
180/50/50 гр.
{ХИТ}*",319,0,0,21,0,0,Рекомендуем добавить :)|Капуста маринованная (фирменный рецепт) 50 гр|Фрикасе из овощей 180 гр (Капуста цветная, брокколи, морковь, перец болгр, кунжут)|Картофель в фольге (соус Болье. картофель, моцарелла) 200гр|Овощи Гриль 150 гр (баклажан, кабачок, перец болгар, томат)|Цветная капуста в яйце 150гр (цветная капуста, яйцо, сухари )|Картофель Фри 100гр,0,,Unset,,,C:\Users\New\Desktop\Кафе Винтаж версия 9.09.019\Меню Винтаж 2020\Для Яндекс Еды\Мясные\Люля-Кебаб 280г.JPG,
51v3ete3,Блюда на углях мясные,Стейк из свиной шеи,"шея свиная, капуста маринованная, соус Томатно-острый
150/50/50 гр",399,0,0,21,0,0,Рекомендуем добавить :)|Картошечка в фольге (200 г) (картофель, соус Болье, сыр Моцарелла)|Овощи гриль (150 г) (баклажан, кабачок-цукини, перец болгарский, томат св)|Картофель гриль (150 г) (из свежего картофеля)|Картофель Фри (100 г),0,,Unset,,,C:\Users\New\Desktop\Кафе Винтаж версия 2020\Меню Винтаж 2020\Для Яндекс Еды\Мясные\Стек из свиной шеи  210 гркупуста 50 соус50.jpg,,,,,,
tr2hnxo4,Блюда на углях мясные,Шашлык Француз,"филе курицы, картофель по-французски, соус томатный, капуста маринованная.
200/200/50/50 гр.",419,0,0,21,0,0,,0,,Unset,,,C:\Users\New\Desktop\Кафе Винтаж версия 9.09.019\Меню Винтаж 2020\Для Яндекс Еды\Мясные\Шашлык Куриный 500г.JPG,,,,,,,,,,,
3y0hr4o8,Гарниры,Дранники Мюнхен,"грибы, бекон, сыр Моцарелла, картофель, яйцо, лук, зелень.
320 гр.",251,0,0,21,0,0,Рекомендуем добавить :)|Сметана (50 г)|Сырный соус (50 г)|Соус Томатно-острый (50 г),0,,Unset,,,C:\Users\New\Desktop\Кафе Винтаж версия 9.09.019\Меню Винтаж 2020\Для Яндекс Еды\Гарниры\Драники Мюнхен 320 г.JPG,,,,,,,,,,,
6dcdv4e4,Гарниры,Цветная капуста в яйце,"капуста, яйцо, сухари, растительное масло.
150 гр.",159,0,0,21,0,0,,0,,Unset,,,C:\Users\New\Desktop\Кафе Винтаж версия 9.09.019\Меню Винтаж 2020\Для Яндекс Еды\Гарниры\Цветная капуста в яйце 150 г.JPG,,,,,,,,,,,
jk30c9nj,Гарниры,Картофель по-домашнему,"отварной картофель, грибы, лук.
150 гр.",159,0,0,21,0,0,,0,,Unset,,,C:\Users\New\Desktop\Кафе Винтаж версия 9.09.019\Меню Винтаж 2020\Для Яндекс Еды\Гарниры\Картофель по-домашнему 150 г.JPG,,,,,,,,,,,
gpybag7s,Гарниры,Картофель по-французски,"отварной картофель, чеснок, сыр Моцарелла, соус ""Цезарь"".
200 гр.",159,0,0,21,0,0,,0,,Unset,,,C:\Users\New\Desktop\Кафе Винтаж версия 9.09.019\Меню Винтаж 2020\Для Яндекс Еды\Гарниры\Картофель по-французки 200г.JPG,,,,,,,,,,,
tksdk012,Гарниры,Картофельное пюре,200 гр.,123,0,0,21,0,0,,0,,Unset,,,C:\Users\New\Desktop\Кафе Винтаж версия 9.09.019\Меню Винтаж 2020\Для Яндекс Еды\Гарниры\пюре.jpg,,,,,,,,,,,
2q1quid2,Гарниры,Овощи по-восточному,"баклажаны, цукини, перец болг., лук, грибы, чеснок, карофель, соевый соус.
200 гр.",177,0,0,21,0,0,,0,,Unset,,,C:\Users\New\Desktop\Кафе Винтаж версия 9.09.019\Меню Винтаж 2020\Для Яндекс Еды\Гарниры\Овощи по-восточному 200 г.JPG,,,,,,,,,,,
i8ra6wal,Пасты и пельмени,Феттуччине с курицей,"Филе куриной грудки свежеобжаренное, филе куриной копченой грудки, паста из твердых сортов пшеницы Barilla, сливки 33% (Белый город), сыр Пармезан, зелень.
380 гр.
{ХИТ}*",369,0,0,21,0,0,Рекомендуем добавть :)|Белые грибы (20 гр)|Шампиньоны (20 гр)|Тертый сыр Пармезан 10 гр.,0,,Unset,,,C:\Users\New\Desktop\Кафе Винтаж версия 9.09.019\Меню Винтаж 2020\Для Яндекс Еды\Паста и пельмени\Феттучине с курицей 380 г.JPG,,,,,,,,,,,
iyy8099q,Пасты и пельмени,Пельмени в горшочке,"пельмени, грибы, майонез, лук, зелень, бульон.
300 гр.",343,0,0,21,0,0,,0,,Unset,,,C:\Users\New\Desktop\Кафе Винтаж версия 9.09.019\Меню Винтаж 2020\Для Яндекс Еды\Паста и пельмени\Пельмени в горшочке 300г.JPG,,,,,,,,,,,
pocwo52o,Десерты,Ля профитроль,"профитроли, соус вишневый, мороженное, шоколадный соус.
150 гр",238,0,0,21,0,0,,0,,Unset,,,C:\Users\New\Desktop\Кафе Винтаж версия 9.09.019\Меню Винтаж 2020\Для Яндекс Еды\Десерты\Ля профитроль 150 г.JPG,,,,,,,,,,,
m323ko2v,Десерты,Наслаждение богов,"киви, апельсин, мороженное, топинг вишневый, сливки ванильные.
220 гр.",238,0,0,21,0,0,,0,,Unset,,,C:\Users\New\Desktop\Кафе Винтаж версия 9.09.019\Меню Винтаж 2020\Для Яндекс Еды\Десерты\Наслаждение богов 220 г.JPG,,,,,,,,,,,
wqeodokj,Десерты,Мороженное,60 гр - 1 шарик.,79,0,0,21,0,0,Шоколадное|Ванильное,0,,Unset,,,C:\Users\New\Desktop\Кафе Винтаж версия 9.09.019\Меню Винтаж 2020\Для Яндекс Еды\Десерты\мороженое.jpg,,,,,,,,,,,
5vcyshj4,Закуски к пиву,Нагеттцы Фирменные,"филе бедра курицы б/к, маринад, специи, соус Тонкацу)
130/50 гр",269,0,0,21,0,0,Рекомендуем добавить :)|Соус сметанно-чесночный (50 г)|Картошка в фольге (картофель, соус Болье, сыр Моцарелла 200 г)|Картофель фри (100 г)|Картофельное пюре (картофель свежий, сливки, молоко, сыр Гойа 200 г),0,,Unset,,,C:\Users\New\Desktop\Кафе Винтаж версия 2020\Меню Винтаж 2020\Для Яндекс Еды\Закуски к пиву\Нагеттцы Фирменые 130гр.jpg,,,,,,
mq8ie4qp,Закуски к пиву,Венгерские колбаски,"Колбаски с/к, соус Барбекю, зелень.
150 гр.",225,0,0,20,0,0,,0,,Unset,,,,,,,,,,,,,,
ff3ipkei,Закуски к пиву,Коктейльные креветки к пиву,"креветки лимон.
100 гр.
",239,0,0,20,0,0,,0,,Unset,,,,,,,,,,,,,,
idhacj6y,Закуски к пиву,Креветки жаренные с чесноком,120 гр.,239,0,0,20,0,0,,0,,Unset,,,,,,,,,,,,,,
xrh9q6l2,Закуски к пиву,Луковые кольца,"луковые кольца в кляре, соус Болье.
100/50 гр.",167,0,0,21,0,0,,0,,Unset,,,C:\Users\New\Desktop\Кафе Винтаж версия 9.09.019\Меню Винтаж 2020\Для Яндекс Еды\Закуски к пиву\Луковые кольца 150г.JPG,,,,,,,,,,,
2xno5r35,Закуски к пиву,Фисташки,50 гр.,127,0,0,21,0,0,,0,,Unset,,,C:\Users\New\Desktop\Кафе Винтаж версия 9.09.019\Меню Винтаж 2020\Для Яндекс Еды\Закуски к пиву\Фисташки 50 г.JPG,,,,,,,,,,,
9qdjf7ci,Пицца,Фокачча с сыром,"Лепешка пшеничная, сыр ""Моцарелла"", зелень.
200 гр.",264,0,0,21,0,0,50,,0,1:15,0,Unset,,,C:\Users\New\Desktop\Кафе Винтаж версия 9.09.019\Меню Винтаж 2020\Для Яндекс Еды\Пицца\Фокачча с сыром 200 г.JPG,,,,,,,,,
e6m8sjq2,Десерты,Сиропы,"Ваниль, малина, мята, карамель, гранат, лесной орех, шоколад, миндаль, клубника, вишня.


25 мл.
",35,0,0,21,0,0,Карамель|Миндаль|Малина|Ваниль|Вишня|Клубника|Гранат|Лесной орех|Шоколад|Мята|Солёная карамель|Лайм|Киви|Банан|Какос,0,,Unset,,,C:\Users\New\Desktop\Кафе Винтаж версия 9.09.019\Меню Винтаж 2020\Для Яндекс Еды\Десерты\сиропы.jpg,,,,,,,,,,,
2nbi99g3,Соуса,Сырный соус,"Сырный соус
50 гр",55,0,0,21,0,0,,0,,Unset,,,C:\Users\New\Desktop\Кафе Винтаж версия 9.09.019\Меню Винтаж 2020\Для Яндекс Еды\Соуса\Соус Сырный 50 г.JPG,,,,,,,,,,,
s2jhqq9a,Напитки,Вода,500 мл.,84,0,0,21,0,0,,0,,Unset,,,C:\Users\New\Desktop\Кафе Винтаж версия 9.09.019\Фото для доставки на сайте Винтаж\Напитки\2445.970.jpg,,,,,,,,,,,
koc9ldt2,Напитки,Минеральная вода Нарзан,330 мл,125,0,0,20,0,0,,0,,Unset,,,C:\Users\New\Desktop\Кафе Винтаж версия 9.09.019\Фото для доставки на сайте Винтаж\Напитки\нарзан.jpg,,,,,,,,,,,
j1n4396s,Напитки,Минеральная вода Обуховская,500 мл,84,0,0,21,0,0,,0,,Unset,,,C:\Users\New\Desktop\Кафе Винтаж версия 9.09.019\Фото для доставки на сайте Винтаж\Напитки\Обуховская.png,,,,,,,,,,,
slcqwarq,Напитки,Кока Кола,330 мл,156,0,0,21,0,0,,0,,Unset,,,C:\Users\New\Desktop\Кафе Винтаж версия 2020\Меню Винтаж 2020\фото меню напитки\класиккола.jpeg,,,,,,,,,,,
xr0aw8mv,Напитки,Морс Брусничный,1 л,320,0,0,21,0,0,,0,,Unset,,,C:\Users\New\Desktop\Кафе Винтаж версия 9.09.019\Фото для доставки на сайте Винтаж\Напитки\морс брусника.jpg,,,,,,,,,,,
xqctzz32,Напитки,Пиво Балтика 0,"Без алкогольное пиво
470 мл",174,0,0,21,0,0,,0,,Unset,,,C:\Users\New\Desktop\Кафе Винтаж версия 9.09.019\Фото для доставки на сайте Винтаж\Напитки\baltika_0_drops.jpg,,,,,,,,,,,
0mvnqd49,Напитки,Сок  Rich,"Соки: Апельсин, Томат, Яблоко, Вишня
1л",320,0,0,21,0,0,Апельсин|Томат|Вишня|Яблоко,0,,Unset,,,C:\Users\New\Desktop\Кафе Винтаж версия 9.09.019\Фото для доставки на сайте Винтаж\Напитки\соки для тебя.jpg,,,,,,,,,,,
3741y4xi,Напитки,Спрайт,330 мл,156,0,0,21,0,0,,0,,Unset,,,C:\Users\New\Desktop\Кафе Винтаж версия 9.09.019\Фото для доставки на сайте Винтаж\Напитки\спрайт.jpg,,,,,,,,,,,
m5ta6s9k,Пицца,Посикунчики,"Тесто пельменное, фарш из свинины и мраморной говядины, лук, специи, соус томатно-острый
200/50 гр (5 шт)",247,0,0,21,0,0,50,Рекомендуем добавить :)|Соус Барбекю (делаем сами) (50 г)|Соус Томатно-острый (делаем сами) (50 г)|Соус Болье (огурец маринованный, лук-репка красный, зелень, майонез) (50 г)|Соус Сырный (50 г)|Соус Сметанно-чесночный (делаем сами) (50 г),0,1:15,0,Unset,,,C:\Users\New\Desktop\Кафе Винтаж версия 2020\Меню Винтаж 2020\Для Яндекс Еды\Пицца\Посекунчики 5шт (ЗАМЕНА ФОТОГРАФИИ).jpg,,,,,,
sj5svn1w,Холодные закуски,Рулетики из ветчины,"ветчина, сыр «Моцарелла», болг., перец, грецкий 
орех, майонез,чеснок, зелень
250 гр.
",238,0,0,21,0,0,,0,1:15,0,Unset,,,C:\Users\New\Desktop\Кафе Винтаж версия 9.09.019\Меню Винтаж 2020\Для Яндекс Еды\Холодные закуски\Рулетики из ветчины 210 г.JPG,,,,,,,,,,
n8om9ejq,Холодные закуски,Сельдь под водочку,"сельдь, лук маринованный, раст. масло, зелень.
100/50 гр",237,0,0,21,0,0,,0,1:15,0,Unset,,,C:\Users\New\Desktop\Кафе Винтаж версия 9.09.019\Меню Винтаж 2020\Для Яндекс Еды\Холодные закуски\Сельдь под водочку 150 г.JPG,,,,,,,,,,
kpuh5r5c,Поминальный обед,Поминальный обед 1,"С-т Оливье - 100 гр
(ветчина, картофель, морковь, огурец соленый, яйцо, зеленый горошек, лук зеленый, майонез.)

Суп лапша с курицей - 250/10 гр
(бульон куриный натуральный, лапша домашняя, куриное мясо, овощи)

Бифштекс - 80/30 гр
(фарш Домашний, соус Барбекю)

Пюре картофельное 250 гр

Кутья (рис, изюм) - 30 гр

Блинчик - 40 гр

Хлеб 2 шт

Морс брусничный - 200 гр",590,0,0,21,0,0,,0,,Unset,,,,,,,,,,,,,,
6bt6fuun,Поминальный обед,Поминальный обед 2,"С-т Зимний - 100 гр
(говядина отварная, огурцы маринованные, картофель, морковь. майонез, зелень)

Солянка по домашнему - 250/10 гр
(бульон мясной,  ветчина, овощи, томат-паста, зелень)

Гуляш из говядины - 75/50 гр
(говядина б/к,  соус красный основной, овощи, специи)

Пюре картофельное - 250 гр

Кутья (рис, изюм) - 30 гр

Ватрушка с повидлом - 50 гр
(тесто дрожжевое, повидло фруктовое, сахарная пудра)

Хлеб 2 шт

Компот из кураги - 200 гр",640,0,0,21,0,0,,0,,Unset,,,,,,,,,,,,,,
dxpnwu3w,Поминальный обед,Поминальный обед 3,"С-т Зимний - 100 гр
(говядина отварная, огурцы маринованные, картофель, морковь. майонез, зелень)

Борщ с говядиной - 250/10 гр
(бульон говяжий, говядина, овощи, зелень)

Поджарка из свинины - 75/25
(свинина не жирная, овощи, соус красный основной, зелень)

Пюре картофельное - 250 гр

Кутья (рис, изюм) - 30 гр

Слойка с повидлом - 50 гр
(слоеное тесто, фруктовое повидло, сахарная пудра)

Хлеб - 2 шт

Морс брусничный 200 гр",620,0,0,21,0,0,,0,,Unset,,,,,,,,,,,,,,
wfhbx3bp,Поминальный обед,Поминальный обед 4,"С-т Зимний - 100 гр
(говядина отварная, огурцы маринованные, картофель, морковь. майонез, зелень)

Суп-лапша домашняя с курицей - 250/10 гр
(бульон куриный натуральный, лапша домашняя, куриное мясо, овощи)

Люля-Кебаб из говядины - 90/30 гр
(фарш говяжий,  соус томатный)

Пюре картофельное - 250 гр

Кутья (рис, изюм) - 30 гр

Слойка с повидлом - 50 гр
(слоеное тесто, фруктовое пюре, сахарная пудра)

Хлеб - 2 шт

Морс брусничный - 200 гр",670,0,0,21,0,0,,0,,Unset,,,,,,,,,,,,,,
gqz5ulfp,Пироги,Пирог с картофелем,"тесто дрожжевое, картофель, лук репка, масло сливочное
2 кг",659,0,0,21,0,0,,0,,Unset,,,C:\Users\New\Desktop\Кафе Винтаж версия 9.09.019\Меню Винтаж 2020\пироги\пирог с картофелем.jpg,,,,,,,,,,,
sh33fz4f,Пироги,Пирог с капустой,"тесто дрожжевое, капуста белокачанная, лук репка, яйцо отварное, масло сливочное.
2 кг.",659,0,0,21,0,0,,0,,Unset,,,C:\Users\New\Desktop\Кафе Винтаж версия 9.09.019\Меню Винтаж 2020\пироги\пирог с капустой.jpg,,,,,,,,,,,
pkiuebxj,Пироги,Пирог с картофелем и грибами,"тесто дрожжевое, картофель, грибы шампиньоны, лук репка
1 кг.",604,0,0,21,0,0,,0,,Unset,,,C:\Users\New\Desktop\Кафе Винтаж версия 9.09.019\Меню Винтаж 2020\пироги\пирог с картофелем и грибами.jpg,,,,,,,,,,,
uqqjiyk2,Пироги,Кулебяка с мясом,"тесто дрожжевое, фарш Домашний, лук репка, масло сливочное.
0,5 кг",429,0,0,21,0,0,,0,,Unset,,,C:\Users\New\Desktop\Кафе Винтаж версия 9.09.019\Меню Винтаж 2020\пироги\кулебяка с мясом.jpg,,,,,,,,,,,
p8buhtwi,Пироги,Пирог с рыбой,"тесто дрожжевое, филе горбуши, лук репка, масло сливочное
1 кг",635,0,0,21,0,0,,0,,Unset,,,C:\Users\New\Desktop\Кафе Винтаж версия 9.09.019\Меню Винтаж 2020\пироги\пирог с слососем.jpg,,,,,,,,,,,
em054409,Пироги,Пирог с лососем,"тесто дрожжевое, филе лосося, лук репка, масло сливочное
1 кг",1035,0,0,21,0,0,,0,,Unset,,,C:\Users\New\Desktop\Кафе Винтаж версия 9.09.019\Меню Винтаж 2020\пироги\пирог с слососем.jpg,,,,,,,,,,,
mmf54jxp,Пироги,Пирог с курицей,"тесто дрожжевое, курица, лук репка, масло сливочное
1 кг",535,0,0,21,0,0,,0,,Unset,,,C:\Users\New\Desktop\Кафе Винтаж версия 9.09.019\Меню Винтаж 2020\пироги\пирог с курицей.jpg,,,,,,,,,,,
25tkc7ie,Пироги,Пирог слоёный с яблоками,"тесто слоёное бездрожжевое, яблоки, сахар
1 кг",544,0,0,21,0,0,,0,,Unset,,,C:\Users\New\Desktop\Кафе Винтаж версия 9.09.019\Меню Винтаж 2020\пироги\пирог слоеный с яблоками.jpg,,,,,,,,,,,
8nwtc01c,Пироги,Штрудель яблочно-вишнёвый,"тесто слоёное бездрожжевое, вишня, яблоко, мёд
1 кг",554,0,0,21,0,0,,0,,Unset,,,C:\Users\New\Desktop\Кафе Винтаж версия 9.09.019\Меню Винтаж 2020\пироги\штрудель ябочно-вишневый.jpg,,,,,,,,,,,
hxhyprmo,Салаты,Салат Восторг,"салат, огурец свежий, перец болгарский, ветчина из индейки, копченая курица, томат свежий, сухарики чесноные, майонез.
220 гр.",227,0,0,20,0,0,,0,,Unset,,,C:\Users\New\Desktop\Кафе Винтаж версия 9.09.019\Меню Винтаж 2020\Для Яндекс Еды\Салаты\Салат Восторг 200г.JPG,,,,,,,,,,,
s40yithr,Салаты,Салат Сельдь под шубой,"филе сельди, картофель, морковь, свекла, яйцо, майонез.
280 гр",167,0,0,21,0,0,,0,,Unset,,,C:\Users\New\Desktop\Кафе Винтаж версия 9.09.019\Меню Винтаж 2020\Для Яндекс Еды\Салаты\Сельдь под шубой 250 г.JPG,,,,,,,,,,,
qojk7j5z,На компанию,Пивная тарелка,"Сырные палочки из моцареллы, луковые кольца, корочки Ильича, куриные крылья гриль, соус болье, соус томатно-острый
550 гр

*скидки не распространяются",839,0,0,21,0,0,,0,,Unset,,,C:\Users\New\Desktop\Кафе Винтаж версия 9.09.019\Меню Винтаж 2020\Для Яндекс Еды\Закуски к пиву\пивная тарелка.JPG,,,,,,,,,,,
huq85h54,Десерты,Сгущенка,"сгущенное молоко
50 гр.",55,0,0,21,0,0,,0,,Unset,,,C:\Users\New\Desktop\Кафе Винтаж версия 9.09.019\Меню Винтаж 2020\Для Яндекс Еды\Соуса\сгущенка.jpg,,,,,,,,,,,
4qc29ozm,Соуса,Сметана,"Сметана
50 гр",55,0,0,21,0,0,,0,,Unset,,,C:\Users\New\Desktop\Кафе Винтаж версия 9.09.019\Меню Винтаж 2020\Для Яндекс Еды\Соуса\Майонез 50 г.JPG,,,,,,,,,,,
y56zapl0,Пицца,Хлеб черный,"Хлеб черный / белый.
1 шт.",10,0,0,21,0,0,,0,,Unset,,,C:\Users\New\Desktop\Кафе Винтаж версия 9.09.019\Меню Винтаж 2020\Для Яндекс Еды\Пицца\хлеб.jpg,,,,,,,,,,,
kadtdscg,Колбаски,Ассорти из колбас,"Купаты Аппетитные, колбаски Шашлычные, колбаски Домашние, соус томатно-острый, сметанно-чесночный.
380/50/50 гр",447,0,0,21,0,0,Рекомендуем добавить :)|Лук-репка красный маринованный (50 г)|Картофель Гриль из свежего картофеля (150 г)|Картофель Фри (100 г)|Капуста маринованная фирменный рецепт, идеально к колбаскам (100г),0,,Unset,,,C:\Users\New\Desktop\Кафе Винтаж версия 2020\Меню Винтаж 2020\Для Яндекс Еды\Колбаски\Ассорти из колбас380 соус 50 и 50.jpg,,,,,,,,,,
rlu3b1vq,Колбаски,Купаты Аппетитные,"свинина, куриное филе, паприка, шпик, специи, картофельное пюре
100/200 гр.",247,0,0,21,0,0,Рекомендуем добавить :)|Капуста маринованная 50г (фирменный рецепт)|Барбекю 50 г (делаем сами)|Лук маринованный 50г (лук-репка красный)|Сырный соус 50 г|Томатно-острый 50 г (делаем сами)|Сметанно-чесночный 50г (делаем сами)|Хрен столовый 50г,0,,Unset,,,C:\Users\New\Desktop\Кафе Винтаж версия 2020\Меню Винтаж 2020\Для Яндекс Еды\Колбаски\Колбаски Аппетитные 100 пюре картоф 200.jpg,,,,,,,,,,,
s7cw2u4v,Колбаски,Колбаски Шашлычные,"курица, свинина, лук репчатый, соус Томатно-острый, картофель Фри
180/100/50 гр.",345,0,0,21,0,0,,0,,Unset,,,C:\Users\New\Desktop\Кафе Винтаж версия 2020\Меню Винтаж 2020\Для Яндекс Еды\Колбаски\Колбаски Шашлычные 180гр.jpg,,,,,,,,,,,
iu5xrey6,Колбаски,Колбаски Домашние," свинина, курица, шпик, специи, огурец маринованный, капуста сахарная, соус Барбекю
100/100/50/50 гр.",247,0,0,21,0,0,,0,,Unset,,,C:\Users\New\Desktop\Кафе Винтаж версия 2020\Меню Винтаж 2020\Для Яндекс Еды\Колбаски\Колбаски Домашние100гр капуста 100 огурец мар 50.jpg,,,,,,,,,,,
5m6hhses,Колбаски,Чевапчиччи в беконе," свинина, курица, бекон в/к, картофель Фри, соус Барбекю
100/100/50 гр.",287,0,0,21,0,0,Рекомендуем добавить :)|Капуста маринованная 50 г (фирменный рецепт)|Соус Томатно-острый 50 г|Соус Сметанно-чесночный 50 г (делаем сами),0,,Unset,,,C:\Users\New\Desktop\Кафе Винтаж версия 2020\Меню Винтаж 2020\Для Яндекс Еды\Колбаски\Чевапчичи в беконе 120гр Фри 100.jpg,,,,,,,,,,,
jz7r9sbe,Колбаски,Колбаски Домашние с картофелем фри," куриное филе, окорок свиной, шпик, специи, картофель Фри, соус Томатно-острый
100/100/50 гр.",247,0,0,21,0,0,,0,,Unset,,,C:\Users\New\Desktop\Кафе Винтаж версия 2020\Меню Винтаж 2020\Для Яндекс Еды\Колбаски\Колбаски Домашние 100 с Фри 100 соус 50.jpg,,,,,,,,,,,
2dqc3zhi,Рыба и море продукты,Креветки в кляре 3шт,"креветки тигровые 16/26, кляр, сухари Панко, соус Тонкацу.
80/50 гр.",229,0,0,21,0,0,,0,,Unset,,,C:\Users\New\Desktop\Кафе Винтаж версия 2020\Меню Винтаж 2020\Для Яндекс Еды\Рыбные\Креветки в кляре 3шт (80гр).jpg,,,,,,,,,,,
tltipvea,Рыба и море продукты,Креветки в кляре 5 шт,"креветки тигровые 16/26, кляр, сухари Панко, соус Тонкацу
120/50 гр",418,0,0,21,0,0,,0,,Unset,,,C:\Users\New\Desktop\Кафе Винтаж версия 2020\Меню Винтаж 2020\Для Яндекс Еды\Рыбные\Креветки в кляре 5шт (120гр).jpg,,,,,,,,,,,
ywhrp85e,Рыба и море продукты,Лосось по –итальянски," Филе лосося запеченое с томатами и двумя видами сыра, Моцарелла и Фета. Подаем с гарниром, Фрикасе из овощей и сливочно-перечным соусом!
 220/150/50",789,0,0,21,0,0,,0,,Unset,,,C:\Users\New\Desktop\Кафе Винтаж версия 2020\Меню Винтаж 2020\Для Яндекс Еды\Рыбные\Лосось Итальяно меню.jpg,,,,,,,,,,,
q02kelw8,Мясные блюда,Нагеттцы Шашлычные с картофелем фри,"филе бедра б/к, маринад, яйцо, мука, сухари Панко», картофель Фри, соус Барбекю
130/100/50 гр",369,0,0,21,0,0,,0,,Unset,,,C:\Users\New\Desktop\Кафе Винтаж версия 2020\Меню Винтаж 2020\Для Яндекс Еды\Мясные\Нагеттцы Шашлычные 130гр Фри 100гр.jpg,,,,,,,,,,,
4p5j2qk0,Гарниры,Дранники с лососем,"Драники из свежего картофеля, обжаренные до хрустящей корочки, подаются со слабосоленый лососем засоленный по фирменному рецепту. К дранникам подаем сметанно-чесночный соус и украшаем гранатовым соусом ""Наршираб"".
150/60/50",429,0,0,21,0,0,,0,,Unset,,,C:\Users\New\Desktop\Кафе Винтаж версия 2020\Меню Винтаж 2020\Для Яндекс Еды\Гарниры\Драники с лососем.jpeg,,,,,,,,,,,
ps5jde7v,На компанию,Тарелка мяса на троих," шашлык из свиной шеи, шашлык из бедра курицы, соус Томатно-острый, соус Сметанно-чесночный
900/50/50

*скидки не распространяются",1799,0,0,21,0,0,Рекомендуем добавить :)|Соус Барбекю (делаем сами) (50 г)|Капуста маринованная (фирменный рецепт, идеально сочетается с мясом) (100 г)|Картофель гриль (делаем из свежего картофеля) (150 г)|Овощи гриль (баклажан, кабачки-цукини, перец болгарский, томат свежий, соль, перец. специи) (150 г)|Картофель фри (100 г)|Лук красный маринованный (лук-репка красный, соль, сахар, перец, уксус (9%) (100 г)|Соус Сырный (50 г),0,,Unset,,,C:\Users\New\Desktop\Кафе Винтаж версия 2020\Меню Винтаж 2020\Для Яндекс Еды\Мясные\Тарелка мяса на троих1,0кг.jpg
5wwr78ub,Блюда на углях мясные,Люля кебаб из говядины,"Говядина, куриное бедро, лук репчатый, специи, соус Томатный острый, лук красный маринованный
280 гр.",339,0,0,21,0,0,Рекомендуем добавить :)|Сос Болье (50 г)|Картофель гриль (150 г)|Овощи гриль: цукини, баклажан, перец болгарский, томат (150 г)|Соус Барбекю собственного приготовления (50 г)|Картофель в фольге с соусом Болье и Моцареллой (200 г),0,,Unset,,,"C:\Users\New\Desktop\Кафе Винтаж версия 2020\Меню Винтаж 2020\Для Яндекс Еды\Мясные\1 Люля-Кебаб из говядины 180 ;50;50 (говядина, кура,лук,специи).jpg",,,,,,,,
fg2csn84,Супы,Борщ с говядиной,"Говядина мраморная отварная(много мяса), бульон говяжий, картофель, капуста, морковь, лук, свекла, зелень, сметана.
300 гр.",257,0,0,21,0,0,Рекомендуем добавить :)|Говядина отварная мраморная (20гр)|Сметана (50гр)|Сухарики чесночные(30гр),0,,Unset,,,C:\Users\New\Desktop\Кафе Винтаж версия 2020\Меню Винтаж 2020\Для Яндекс Еды\Суп\Борщ с говядиной 300гр.jpg,,,,,,,,,,,
im42ga07,Блюда на углях мясные,Кебаб из курицы,"Фарш из куриной грудки и свиной нежирной шеи с добавление специй и лука-репки, обжареный до золотистой корочке на открытом огне. Подается с соусом Барбекю и красным маринованным луком.
320 гр.",299,0,0,21,0,0,Рекомендуем добавить:)|Картофель гриль (150 г)|Картофель француз (200 г)|Картошка в фольге (200 г)|Фрикасе из овощей (180 г)|Овощи гриль (150 г)|Капуста в маринаде (50 г),0,,Unset,,,C:\Users\New\Desktop\Кафе Винтаж версия 2020\Меню Винтаж 2020\Для Яндекс Еды\Мясные\Кебаб из курицы 320гр.jpg,,,,,,,,,,,
52ymr7k8,Мясные блюда,Сотэ с курочкой,"Маринованная филе куриного бедра, обжариваем со свежими баклажанами, кабачками, томатом, луком-репкой, отварным картофелем, шампиньонами, перецем болгарским, на чугунной сковородке и ошпареные соевым соусом. При подаче добавляем мелко рубленый чеснок.
310 гр.",337,0,0,21,0,0,Рекомендуем добавить:)|Острый ширача (30 г)|Сметана (50 г)|Майонез (50 г),0,,Unset,,,C:\Users\New\Desktop\Кафе Винтаж версия 2020\Меню Винтаж 2020\Для Яндекс Еды\Мясные\Сотэ из курочки310гр.jpg,,,,,,,,,,,
rm7w2ytl,Поминальный обед,Поминальный обед 5,"С-т Зимний - 100 гр
(говядина отварная, огурцы маринованные, картофель, морковь. майонез, зелень)

Суп Картофельный с вермишелью мясными фрикадельками - 250/10 гр
(бульон куриный натуральный, вермишель яичная, фрикадельки, овощи)

Кебаб из курицы - 110/20 гр
(фарш из филе грудки свиной нежирной шеи,  соус ""Барбекю"")

Пюре картофельное - 250 гр

Кутья (рис, изюм) - 30 гр

Блинчик - 1шт
(слоеное тесто, фруктовое пюре, сахарная пудра)

Хлеб - 2 шт

Компот из кураги - 200 гр",640,0,0,21,0,0,,0,,Unset,,,,,,,,,,,,,,
cz2f5n71,На компанию,Сэт Эгоист,"Нежнейшая говяжья вырезка, филе куриного бедра без кожи и костей маринованные по фирменному рецепту и обжареные на угллях до золотистой корочки и только под заказ, подается с маринованным красным луком и средне-остым томатным соусом.
400 гр.",790,0,0,21,0,0,Рекомендуем добавить :)|Капуста в маринаде (50 г),0,,Unset,,,C:\Users\New\Desktop\Кафе Винтаж версия 2020\Меню Винтаж 2020\Для Яндекс Еды\Мясные\Сэт Эгоист 400гр.jpg,,,,,,,,,,,
zh21afgv,На компанию,Сэт Гурман,"Вырезка свиная, нежнейшая говяжья вырезка, филе бедра курицы без кости, кебаб из мраморной говядины, кебаб из курицы, подается с тремя видами гарниров, овощи гриль, картошечка гриль, фрикасе из овощей и соус барбекю, соус сметанно-чесночный.
1.43 кг.",1890,0,0,21,0,0,,0,,Unset,,,C:\Users\New\Desktop\Кафе Винтаж версия 2020\Меню Винтаж 2020\Для Яндекс Еды\Мясные\Сэт Гурман 1460гр.jpg,,,,,,,,,,,
gnt4idoc,На компанию,Ассорти из Кебаб,"Люля кебаб из говядины, приготовленый из рубленой мраморной говядины и куриного бедра. Люля кебаб из курицы приготовлен изрубленого филе куриного бедра и свиной шеи нежирной. Подается с соусом барбекю и маринованной капустой, по фирменному рецепту.
500 гр.",487,0,0,21,0,0,,0,,Unset,,,C:\Users\New\Desktop\Кафе Винтаж версия 2020\Меню Винтаж 2020\Для Яндекс Еды\Мясные\Ассорти из Люля-кебаб 500гр (2).jpg,,,,,,,,,,,
bkyrnrmp,Блюда на углях мясные,Шашлык из свиной шеи,"Шея свиная нежирная, лук красный маринованный, соус томатно-острый
200 гр
",484,0,0,21,0,0,20,Рекомендуем добавить :)|Маринованная капуста (фирменный рецепт) 50 гр|Соус Сметанно-чесночный 50 г|Овощи гриль (баклажан, кабачок-цукини, перец болгарский, томат) 150 г|Соус Барбекю (делаем сами) 50 г|Картофель гриль (из свежего картофеля) 150 г,0,1:15,0,Unset,,,C:\Users\New\Desktop\Кафе Винтаж версия 2020\Меню Винтаж 2020\Для Яндекс Еды\Мясные\Шашлык из свиной шеи 200г.JPG,,,,,,
fayxgncz,Рыба и море продукты, Лосось Сицилия,"Филе лосося запеченое с томатами и двумя видами сыра, Моцарелла и Фета, подаем с гранатовым соусом Наршираб
 230 гр",540,0,0,21,0,0,,0,,Unset,,,C:\Users\New\Desktop\Кафе Винтаж версия 2020\Меню Винтаж 2020\Для Яндекс Еды\Рыбные\Лосось Сицилия 230гр.jpg,,,,,,,,,,,
92bcpjkd,Пицца,Хачапури Много сыра,"Лепешка пшеничная, сыр ""Моцарелла"", свежий чеснок, сырный соус, зелень.
410 гр.",437,0,0,21,0,0,50,,0,1:15,0,Unset,,,C:\Users\New\Desktop\Кафе Винтаж версия 2020\Меню Винтаж 2020\Для Яндекс Еды\Пицца\Хачапури для Яндек 2 вар.jpg,,,,,,,,,
plrmva49,Блюда на углях мясные,Ребра гриль,"Свиные ребрышки маринованные с кавказскими специями и имбирем, томленые в печи и обжаренные с соусом Терияки на мангале. Подается с соусом Барбекю и фирменной капустой в маринаде.
300/50/50 ",479,0,0,21,0,0,,0,,Unset,,,C:\Users\New\Desktop\Кафе Винтаж версия 2020\Меню Винтаж 2020\Для Яндекс Еды\Мясные\рёбра гриль.jpg,,,,,,,,,,,
