ID,CATEGORY,NAME/CODE,DESCRIPTION,PRICE,ENABLE VAT,VAT VALUE,WEIGHT,OPTIONS,ENABLE DISCOUNT,AVAILABILITY,PENDING,IMAGES
,Пицца,Пицца по-деревенски,"Тесто (лепешка пшеничная собственного приготовления), ветчина из индейки, сыр моцарелла, огурец маринованный, маслины, красный репчатый лук, соус барбекю, майонез оливковый, зелень (29 см)",497,0,21,500,,0,Unset,,\Пицца\Пиица по деревенски 500 г.JPG
,Пицца,Пицца Ассорти,"Тесто (лепешка пшеничная собственного приготовления), соус барбекю, соус цезарь, бекон копчено-вареный, курица копченая, перец болгарский, сыр моцарелла, зелень (29 см)",497,0,21,500,,0,Unset,,\Пицца\Пицца Ассорти 500 г.JPG
,Пицца,Пицца по-домашнему,"Тесто ( лепешка пшеничная собственного приготовления), ветчина из индейки, сыр моцарелла, огурец свежий, помидор, майонез оливковый, соус барбекю, зелень (29 см)тесто, ветчина. сыр Моцарелла, огурец св., помидор, майонез, с-с барбекю, зелень.
500 гр.",497,0,21,520,,0,Unset,,\Пицца\Пицца по-домашнему 500 г.JPG
,Пицца,Пицца Времена года,"Тесто (лепешка пшеничная собственного приготовления), соус Барбекю, ветчина из индейки, сыр моцарелла, шампиньоны жареные, маслины, томат свежий (29 см)",497,0,21,520,,0,Unset,,\Пицца\Пицца Времена года 500 г.JPG
,Пицца,Пицца с курицей,"Тесто (лепешка пшеничная собственного приготовления), соус барбекю, сметана, майонез, перец болгарский, курица копчёная, огурец маринованный, сыр моцарелла.(29 см)",497,0,21,503,,0,Unset,,\Пицца\Пицца с курицей 450 г.JPG
,Пицца,Пицца Баварская,"Тесто (лепешка пшеничная собственного приготовления), колбаса баварская полукопченая, пепперони сырокопченая, ветчина из индейки, шампиньоны жареные, перец болгарский, соус томатный, горчица дижонская, сыр моцарелла, зелень (29 см)",577,0,21,520,,0,Unset,,\Пицца\Пицца Баварская 550 г.JPG
,Пицца,Пицца трио сыров,"Тесто ( лепешка пшеничная собственного приготовления), соус барбекю, сыр пармезан, сыр моцарелла, сыр фета (29 см)",497,0,21,460,,0,Unset,,\Пицца\Пицца Трио сыров 500 г.JPG
,Пицца,Пицца Пеперони,"Тесто (лепешка пшеничная собственного приготовления), пепперони сырокопчёная, соус барбекю, сыр моцарелла (29 см)",497,0,21,440,,0,Unset,,\Пицца\Пицца Пепероне 450г.JPG
,Пицца,Фокачча с кунжутом,"Тесто (лепешка пшеничная), кунжут жареный, зелень, майонез оливковый, (29 см)",217,0,21,290,,0,Unset,,\Пицца\Фокачча с кунжутом 180 г.JPG
,Пицца,Фокачча с помидором,"Тесто (лепешка пшеничная собственного производства), азербайджанский томат, зелень, соус Цезарь, (29 см)Лепешка пшеничная, помидор, зелень, соус Цезарь.",211,0,21,330,"С моцарелло (100 г),119 |",0,Unset,,\Пицца\Фокачча с помидором 200 г.JPG
,Пицца,Пицца с ветчиной и сыром.,"Тесто (лепешка пшеничная собственного приготовления), соус Барбекю, сыр моцарелла, ветчина из индейки, зелень (29 см)",497,0,21,450,,0,Unset,,\Пицца\Пицца с ветчиной и сыром 450 г.JPG
,Пицца,Фокачча с сыром,"Тесто (лепешка пшеничная собственного производства), сыр Моцарелла, зелень, сырный соус (29 см)",264,0,21,330,,0,Unset,,\Пицца\Фокачча с сыром 200 г.JPG
,Пицца,Хачапури Много сыра,"Тесто (лепешка пшеничная), сыр Моцарелла, свежий чеснок, зелень, сырный соус (29 см)",387,0,21,410,,0,Unset,,\Пицца\Хачапури для Яндек 2 вар.jpg
,Пицца,Хлеб черный,"Хлеб черный / белый.
1 шт.",10,0,21,30,,0,Unset,,\Пицца\хлеб.jpg
,Холодные закуски,Мясное ассорти,"Сырокопченая колбаса, бекон копчено-вареный, филе курицы полукопчёное, буженина (собственного производства), сервелат полукопченый Черкашин, огурец свежий, зелень",494,0,21,200,"Уксус 9% (50 г),15 |  Капуста в маринаде (50 г),33 |  Хрен столовый (50 г),55 |  Сырный (50 г),55 |  Сметанно-чесночный 50 г,55 |  Томатно-острый (50 г),55 |  Барбекю (50 г),55 |  Сметана (50 г),55 |  Цезарь (50 г),55 |  Тонкацу (50 г),55 |  Болье (50 г),55 |  Тереяки ( 30 г),55 |  Соевый (50 г),55 |  Майонез (50 г),55 |  Кетчуп хайнц (50 г),55 |  Лук маринованый (50 г),55 |  Острый ширача (30 г),55 |  Горчица русская (50 г),55 |  Капуста в МАРИНАДЕ(100г),66 |  Гранатовый (50 г),80 | ",0,Unset,,\Холодные закуски\Мясное Ассорти 240г.JPG
,Холодные закуски,Фруктовая тарелка,"Яблоко, винoград, апельсин, киви",272,0,21,360,"Пудрой не посыпать,0 |",0,Unset,,\Холодные закуски\Фруктовая тарелка 450 г.JPG
,Холодные закуски,Овощное ассорти,"Огурцы свежие, азербайджанский томат, перец болгарский, зелень",229,0,21,190,"Уксус 9% (50 г),15 |  Капуста в маринаде (50 г),33 |  Хрен столовый (50 г),55 |  Сырный (50 г),55 |  Сметанно-чесночный 50 г,55 |  Томатно-острый (50 г),55 |  Барбекю (50 г),55 |  Сметана (50 г),55 |  Цезарь (50 г),55 |  Тонкацу (50 г),55 |  Болье (50 г),55 |  Тереяки ( 30 г),55 |  Соевый (50 г),55 |  Майонез (50 г),55 |  Кетчуп хайнц (50 г),55 |  Лук маринованый (50 г),55 |  Острый ширача (30 г),55 |  Горчица русская (50 г),55 |  Капуста в МАРИНАДЕ(100г),66 |  Гранатовый (50 г),80 | ",0,Unset,,\Холодные закуски\Овощное Ассорти 280 г.JPG
,Холодные закуски,"Сало крученое ""Шик""","Шпик свиной ( крученый), чеснок, соль, зелень. Рекомендуем намазать на блюдо Корочки Ильича и с борщом. Вкуснотища)",97,0,21,50,"Корочки ильча,167 |",0,Unset,,\Холодные закуски\Сало як сало 50 г.JPG
,Холодные закуски,Сырное ассорти,"Сыр Пармезан, сыр Фета, сыр Моцарелла, грецкий орех, винoград, медсыр Пармезан, сыр Фета, сыр Моцарелла, грецкий орех, виноград, мед.",387,0,21,210,,0,Unset,,\Холодные закуски\Сырное ассорти 200г.JPG
,Холодные закуски,Сельдь с гарниром,"Филе сельди слабосоленое, отварной картофель, лук репка маринованный, яйцо, майонез оливковый, зелень",229,0,21,185,,0,Unset,,\Холодные закуски\Сельдь с гарниром 160 г.JPG
,Холодные закуски,Рулетик с лососем,"Лосось слабосоленый, сыр Моцарелла, блины, майонез оливковый, чеснок, зелень, лимон, маслины",297,0,21,155,"Без чеснока,0 |  Лосось (20 г), в рулет,49 |",0,Unset,,\Холодные закуски\Рулетик с лососем 140гр.JPG
,Холодные закуски,Рыбное ассорти,"Лосось слабосолёный, масляная холодного копчения, филе сельди слабосолёное, лимон, маслина, зелень",397,0,21,145,,0,Unset,,\Холодные закуски\Рыбное Ассорти 150 г.JPG
,Холодные закуски,Сельдь под водочку,"Филе сельди слабосоленое, красный маринованный лук, зелень",237,0,21,150," Отварной картофель (100 г),50 |  Лук маринованый (50 г),55 |",0,Unset,,\Холодные закуски\Сельдь под водочку 150 г.JPG
,Холодные закуски,Русский разносол ,"Огурцы маринованные (маринуем сами), помидоры черри маринованные, капуста маринованная (маринуем сами)",279,,,300,,,,,\Холодные закуски\Русский разносол 300 г.JPG
,Салаты,Салат Цезарь с лососем,"Листья салата, томат черри, соус Цезарь, чесночные сухарики, лосось слабосолёный (собственного посола с морской солью), сыр Пармезан",391,0,21,240,"Без зелени,0|   Сыр пармезан (10 г),25|   Цезарь (50 г),55|   Лосось слабосоленый (50 г),117| ",,Unset,,\Салаты\Салат Цезарь с лососем 210г.JPG
,Салаты,Салат Цезарь с креветками,"Листья салата, томат черри, соус Цезарь, чесночные сухари, креветки тигровые, сыр Пармезан",497,0,21,240,"Без зелени, 0 |   Сыр пармезан (10 г), 25 |   Цезарь (50 г), 55 | ",0,Unset,,\Салаты\Салат Цезарь с криветкой.JPG
,Салаты,Салат Бостон,"Язык телячий, курица копченая (грудка), морковь, картофель, огурец маринованный, яйцо, чеснок, сыр пармезан, грецкий орех, зелень, майонез оливковый
230 гр.",339,0,21,255,"Без чеснока, 0 |  ",0,Unset,,\Салаты\Салат Бостон 250 г.JPG
,Салаты,Салат Осенний,"Идеален под шашлык. Маринованная капуста, фирменный рецепт, черри томат, болгарский перец, огурец, зелень",149,0,21,200,,0,Unset,,\Салаты\Салат Осенний 200гр.jpg
,Салаты,Салат Цезарь с курицей,"Листья салата, сухарики чесночные, филе свежеобжаренное куриной грудки, соус Цезарь, сыр Пармезан, томат черри, зелень",338,0,21,230,"Сыр пармезан (10 г), 25 |   Филе грудка (50 г), 53 |   Цезарь (50 г), 55 | ",0,Unset,,\Салаты\Салат Цезарь с курицей 230г.JPG
,Салаты,Салат Венеция,"Салат листовой, креветки тигровые, яйцо, перец болгарский, апельсин, лимон, маслина, зелень, майонез оливковый",497,0,21,241,,0,Unset,,\Салаты\С-т Венеция 220 гр (ЗАМЕНА ФОТОГРАФИИ).jpg
,Салаты,Салат Греческий,"Огурец свежий, томат азербайджанский, маслины, сыр фета, листья салата, перец болгарский, голландский красный лук, соус Греческий",247,0,21,242,"Без заправки, 0 | Без сыра, 0 | Без маслин, 0 | Сыр фета (40 г) в салат, 69 |  ",0,Unset,,\Салаты\Салат Греческий 270г.JPG
,Салаты,Салат Элегия,"Лосось слабосолёный, сыр фета, сыр пармезан, томат айзербайджанский, перец болгарский, салат, картофель, лук красный, сухарики, греческая заправка.",417,0,21,250,"Без сухарей, 0 | Без лука, 0 |  ",0,Unset,,\Салаты\Салат с лососем 240г.JPG
,Салаты,Салат Эби-Эби,"Свеже обжареные тигровые креветки подаем на подушке из свежих овощей и салатов: Перец болгарский, салат листовой, огурец свежий, томат свежий, лук красный, и слегка приправляем гранатовым соусом Наршираб.",497,0,21,250,,0,Unset,,\Салаты\Салат Эби Эби 260г.JPG
,Салаты,Салат Винтажный,"Филе куриной грудки свежеобжаренное и слегка ошпарено соусом Тонкацу собственного приготовления, подаем на подушке из свежих овощей и салатов: перец болгарский, салат листовой, салат пекинский, огурец свежий, айзербайджанский томат, лук красный",367,0,21,280,"Без лука, 0 |  ",0,Unset,,\Салаты\Салат Винтажный 300г.JPG
,Салаты,Салат из свежих овощей,"Огурец свежий, айзербайджанский томат, лук- репка красный, салат зеленый",203,0,21,240,"С маслом (10 г), 0 | С майонезом (30 г), 0 | Со сметаной (30 г), 0 | Без салатов, 0 | Без лука, 0 | Без заправки, 0 | ",0,Unset,,\Салаты\салат помидор огрурец  Доставка.jpg
,Салаты,Салат Вкусняшка,"Мраморная маринованная говядина, микс из листовых салатов, айзербайджанский томат, сухарики белые чесночные, сыр Пармезан, соус Болье (делаем сами)",369,0,21,250,"Сыр пармезан (10 г), 25 | Болье (50 г), 55 |  ",0,Unset,,\Салаты\Салат Вкусняшка 230г.JPG
,Салаты,Салат Охотничий,"Язык говяжий, буженина, филе курицы, салат листовой, черри-помидоры, шампиньоны жареные, огурец маринованный, соус Охотничий",365,0,21,227,"Без грибов, 0 | ",0,Unset,,\Салаты\Салат Охотничий 220 г.JPG
,Горячие закуски,Омлет Королевский,"Яйцо, ветчина из индейки, курица копченая, сливочное масло, молоко, томат свежий, лук жареный, сыр Моцарелла",472,0,21,170,"Рис с овощами (200 г), 109| Картофель домашний(180 г), 159| Картофель фри (100 г), 167| Картошка в фольге (200 г), 168| Фрикасе из овощей (150 г), 177| Картофель француз (200 г), 179| Овощи ПО-ВОСТОЧНОМУ(200г), 187| Картофель гриль (150 г), 197| Овощи гриль (150 г), 197| Драники ДЕРЕВЕНСКИЕ(250г), 243| Драники мюнхен (260г), 271|  Уксус 9% (50 г), 15| Капуста в маринаде (50 г), 33| Сметана (50 г), 55| Болье (50 г), 55| Цезарь (50 г), 55| Хрен столовый (50 г), 55| Сырный (50 г), 55| Сметанно-чесночный 50 г, 55| Томатно-острый (50 г), 55| Барбекю (50 г), 55| Тонкацу (50 г), 55| Соевый (50 г), 55| Майонез (50 г), 55| Кетчуп хайнц (50 г), 55| Лук маринованый (50 г), 55| Острый ширача (30 г), 55| Тереяки ( 30 г), 55| Горчица русская (50 г), 55| Капуста в МАРИНАДЕ(100г), 66| Гранатовый (50 г), 80| Без лука, 0|  ",0,Unset,,\Горячие закуски\Омлет Королевский 170 г.JPG
,Горячие закуски,Яичница из 3х яиц,Яйцо куриное (3 шт.),139,0,21,100,"С луком- репка (30 г), 32| С помидором (50 г), 44| С моцарелло (30 г), 49| С беконом (50 г), 53| Ветчина (50 г), 53|  ",0,Unset,,\Горячие закуски\Яичница из трех яиц 100 г.JPG
,Горячие закуски,Жульен куриный,"Курица отварная, шампиньоны свежие жареные, лук жареный, сливки, сыр Моцарелла, бульон куриный, майонез оливковый",217,0,21,120,"Без лука, 0| Без зелени, 0|  ",0,Unset,,\Горячие закуски\Жульен куриный 120г.JPG
,Горячие закуски,Язык с хреном,"Язык телячий, хрен столовый, зелень",287,0,21,126," Уксус 9% (50 г), 15|   Капуста в маринаде (50 г), 33|   Сметана (50 г), 55|   Болье (50 г), 55|   Цезарь (50 г), 55|   Хрен столовый (50 г), 55|   Сырный (50 г), 55|   Сметанно-чесночный 50 г, 55|   Томатно-острый (50 г), 55|   Барбекю (50 г), 55|   Тонкацу (50 г), 55|   Соевый (50 г), 55|   Майонез (50 г), 55|   Кетчуп хайнц (50 г), 55|   Лук маринованый (50 г), 55|   Острый ширача (30 г), 55|   Тереяки ( 30 г), 55|   Горчица русская (50 г), 55|   Капуста в МАРИНАДЕ(100г), 66|   Гранатовый (50 г), 80| Рис с овощами (200 г), 109|   Картофель домашний(180 г), 159|   Картофель фри (100 г), 167|   Картошка в фольге (200 г), 168|   Фрикасе из овощей (150 г), 177|   Картофель француз (200 г), 179|   Овощи ПО-ВОСТОЧНОМУ(200г), 187|   Картофель гриль (150 г), 197|   Овощи гриль (150 г), 197|   Драники ДЕРЕВЕНСКИЕ(250г), 243|   Драники мюнхен (260г), 271| ",0,Unset,,\Холодные закуски\Язык с хреном 125 г.JPG
,Супы,Суп-пюре Пармантье,Шляпки белых грибов обжареные на сливочном масле с отварной картошечкой и слегка тушеные в сливках измльченные и взбитые в пышный крем. Можно добовать дополнительно грибов. Подается с чесночными сухариками,297,0,21,320,"Сухарики к супу (30 г), 35 | Белыми грибами (20 г) в суп, 63 |  ",0,Unset,,\Суп\Суп Крем Пармантье 310гр .jpg
,Супы,Солянка сборная мясная,"Говядина мраморная, бульон на говяжьих обжареных косточках, язык говяжий, колбаса полукопчёная, ветчина из индейки, копчености, маринованный огурец,",299,0,21,310,"Без сметаны, 0 | Без зелени, 0 | Сухарики к супу (30 г), 35 | Сметана (50 г), 55 |  ",0,Unset,,\Суп\Солянка сборная мясная 300гр.jpg
,Супы,Бульон куриный с гренками,"Бульон куриный, курица отварная, яйцо, гренки, зелень",199,0,21,315,"Без зелени, 0 | Курица отварная (20 г) в суп, 33 | Сухарики к супу (30 г), 35 |  ",0,Unset,,\Суп\Бульон куриный с яйцом 300 гр.jpg
,Супы,Окрошка,"Ветчина из индейки, квас домашний, картофель, огурец, яйцо, сметана, зелень, лук зелёный",199,0,21,340,"Без хрена, 0 | Без горчицы, 0 | Без лука, 0 | Без сметаны, 0 |  ",0,Unset,,\Суп\окрошка.jpg
,Супы,Борщ с говядиной ,"Говядина мраморная отварная (много мяса), бульон на говяжьих косточках, картофель, капуста, морковь, лук, свекла, зелень, сметана",277,0,21,330,"Без сметаны, 0 | Без зелени, 0 | Говядина (20 г), 35 | Сухарики к супу (30 г), 35 | Сметана (50 г), 55 | Сало шик (50 г), 81 |  ",0,Unset,,\Суп\Борщ с говядиной 300гр.jpg
,Супы,Уха с расстегаем,"Бульон рыбный из лосося, филе лосося, филе масляной рыбы холодного копчения, картофель, лук, зелень, подается с расстегаем из филе лосося",294,0,21,380,"Без зелени, 0 | Сухарики к супу (30 г), 35 | Лосось филе (20 г), в уху, 49 | Растегай с лососем (50 г), 49 |  ",0,Unset,,\Суп\Уха с лососем и растегаем 320гр.jpg
,Супы,Сухарики к супу,"Чесночные сухарики из белого батона, чеснок, сливочное и растительное масло, собственного приготовления",35,0,21,30,,0,Unset,,\Суп\Сухарики к супу 50 г.JPG
,Блины,Блинчики с мясом,"Блины, мраморная говядина, шея нежирная, лук репчатый",197,0,21,150," Сметана (50 г),55 |  Барбекю (50 г),55 |  Томатно-острый (50 г),55 |",0,Unset,,\Блины\Блины с мясом 110 г.JPG
,Блины,Блинчики с ветчиной и сыром,"Блины, ветчина из индейки, сыр моцарелла, зелень",189,0,21,250,"Уксус 9% (50 г),15 |  Капуста в маринаде (50 г),33 |  Сметана (50 г),55 |  Сметанно-чесночный 50 г,55 |  Майонез (50 г),55 |  Соевый (50 г),55 |  Острый ширача (30 г),55 |  Томатно-острый (50 г),55 |  Сырный (50 г),55 |  Тонкацу (50 г),55 |  Барбекю (50 г),55 |  Кетчуп хайнц (50 г),55 |  Болье (50 г),55 |  Цезарь (50 г),55 |  Хрен столовый (50 г),55 |  Лук маринованый (50 г),55 |  Тереяки ( 30 г),55 |  Горчица русская (50 г),55 |  Капуста в МАРИНАДЕ(100г),66 |  Гранатовый (50 г),80 | ",0,Unset,,\Блины\Блинчики с ветчиной и сыром 250 г.JPG
,Блины,Блинчики с семгой,"Блины, лосось слабосолёный ( собственного посола с морской солью) лимон, зелень",309,0,21,173,,0,Unset,,\Блины\Блины с семгой доставка.jpg
,Блины,Блинчик к чаю,1 шт.,59,0,21,40,"Сметана (50 г),55 |  Сгущенка (50 г),55 |  Мед (50 г),57 |",0,Unset,,\Блины\Блинчик к чаю 35 г.JPG
,Блюда на углях мясные,Шашлык из курицы,"Филе бедра курицы, лук красный маринованный, соус барбекю",379,0,21,300,"Рис с овощами (200 г), 109 |   Картофель домашний(180 г), 159 |   Картофель фри (100 г), 167 |   Картошка в фольге (200 г), 168 |   Фрикасе из овощей (150 г), 177 |   Картофель француз (200 г), 179 |   Овощи ПО-ВОСТОЧНОМУ(200г), 187 |   Картофель гриль (150 г), 197 |   Овощи гриль (150 г), 197 |   Драники ДЕРЕВЕНСКИЕ(250г), 243 |   Драники мюнхен (260г), 271 |  Уксус 9% (50 г), 15 |   Капуста в маринаде (50 г), 33 |   Сметана (50 г), 55 |   Болье (50 г), 55 |   Томатно-острый (50 г), 55 |   Барбекю (50 г), 55 |   Хрен столовый (50 г), 55 |   Сырный (50 г), 55 |   Сметанно-чесночный 50 г, 55 |   Цезарь (50 г), 55 |   Тонкацу (50 г), 55 |   Соевый (50 г), 55 |   Майонез (50 г), 55 |   Кетчуп хайнц (50 г), 55 |   Лук маринованый (50 г), 55 |   Острый ширача (30 г), 55 |   Тереяки ( 30 г), 55 |   Горчица русская (50 г), 55 |   Капуста в МАРИНАДЕ(100г), 66 |   Гранатовый (50 г), 80 |  Уксус 9% (50 г), 15 |   Капуста в маринаде (50 г), 33 |   Сметана (50 г), 55 |   Болье (50 г), 55 |   Томатно-острый (50 г), 55 |   Барбекю (50 г), 55 |   Хрен столовый (50 г), 55 |   Сырный (50 г), 55 |   Сметанно-чесночный 50 г, 55 |   Цезарь (50 г), 55 |   Тонкацу (50 г), 55 |   Соевый (50 г), 55 |   Майонез (50 г), 55 |   Кетчуп хайнц (50 г), 55 |   Лук маринованый (50 г), 55 |   Острый ширача (30 г), 55 |   Тереяки ( 30 г), 55 |   Горчица русская (50 г), 55 |   Капуста в МАРИНАДЕ(100г), 66 |   Гранатовый (50 г), 80 |  ",0,Unset,,\Мясные\шашлы без соуса\Шашлык Индейка за 100гр.jpg
,Блюда на углях мясные,Бифштекс натурально-рубленный,"Фарш из мраморной говядины, яйца и лука-репка, обжаренный до золотистой корочки на гриле",349,0,21,250," Уксус 9% (50 г), 15 |   Капуста в маринаде (50 г), 33 |   Сметана (50 г), 55 |   Болье (50 г), 55 |   Цезарь (50 г), 55 |   Хрен столовый (50 г), 55 |   Сырный (50 г), 55 |   Сметанно-чесночный 50 г, 55 |   Томатно-острый (50 г), 55 |   Барбекю (50 г), 55 |   Тонкацу (50 г), 55 |   Соевый (50 г), 55 |   Майонез (50 г), 55 |   Кетчуп хайнц (50 г), 55 |   Лук маринованый (50 г), 55 |   Острый ширача (30 г), 55 |   Горчица русская (50 г), 55 |   Тереяки ( 30 г), 55 |   Капуста в МАРИНАДЕ(100г), 66 |   Гранатовый (50 г), 80 |  Рис с овощами (200 г), 109 |   Картофель домашний(180 г), 159 |   Картофель фри (100 г), 167 |   Картошка в фольге (200 г), 168 |   Фрикасе из овощей (150 г), 177 |   Картофель француз (200 г), 179 |   Овощи ПО-ВОСТОЧНОМУ(200г), 187 |   Картофель гриль (150 г), 197 |   Овощи гриль (150 г), 197 |   Драники ДЕРЕВЕНСКИЕ(250г), 243 |   Драники мюнхен (260г), 271 | ",0,Unset,,\Мясные\Бифштекс натурально-рубленый 150 г.JPG
,Блюда на углях мясные,Ассорти из шашлыков,"Нежнейшая говяжья вырезка (100 г), вырезка свиная (100 г) не жирная, филе бедра куриное (100 г), все обжаривается на мангале и подаем соус Барбекю",888,0,21,350,"Рис с овощами (200 г), 109 | Картофель домашний(180 г), 159 | Картофель фри (100 г), 167 | Картошка в фольге (200 г), 168 | Фрикасе из овощей (150 г), 177 | Картофель француз (200 г), 179 | Овощи ПО-ВОСТОЧНОМУ(200г), 187 | Картофель гриль (150 г), 197 | Овощи гриль (150 г), 197 | Драники ДЕРЕВЕНСКИЕ(250г), 243 | Драники мюнхен (260г), 271 |  Уксус 9% (50 г), 15 | Капуста в маринаде (50 г), 33 | Сметана (50 г), 55 | Болье (50 г), 55 | Томатно-острый (50 г), 55 | Барбекю (50 г), 55 | Хрен столовый (50 г), 55 | Сырный (50 г), 55 | Сметанно-чесночный 50 г, 55 | Цезарь (50 г), 55 | Тонкацу (50 г), 55 | Соевый (50 г), 55 | Майонез (50 г), 55 | Кетчуп хайнц (50 г), 55 | Лук маринованый (50 г), 55 | Острый ширача (30 г), 55 | Тереяки ( 30 г), 55 | Горчица русская (50 г), 55 | Капуста в МАРИНАДЕ(100г), 66 | Гранатовый (50 г), 80 | ",0,Unset,,\Мясные\Ассорти из шашлыков 300 г.JPG
,Блюда на углях мясные,Шашлык из говядины,"Нежнейшая говяжья вырезка слегка маринованая с кавказкими специями и обжареная на гриле, подаем с красным маринованным луком и томатно-острым соусом",799,0,21,300,"  Уксус 9% (50 г), 15 |   Капуста в маринаде (50 г), 33 |   Сметана (50 г), 55 |   Болье (50 г), 55 |   Цезарь (50 г), 55 |   Хрен столовый (50 г), 55 |   Сырный (50 г), 55 |   Сметанно-чесночный 50 г, 55 |   Томатно-острый (50 г), 55 |   Барбекю (50 г), 55 |   Тонкацу (50 г), 55 |   Соевый (50 г), 55 |   Майонез (50 г), 55 |   Кетчуп хайнц (50 г), 55 |   Лук маринованый (50 г), 55 |   Острый ширача (30 г), 55 |   Горчица русская (50 г), 55 |   Тереяки ( 30 г), 55 |   Капуста в МАРИНАДЕ(100г), 66 |   Гранатовый (50 г), 80 |  Рис с овощами (200 г), 109 |   Картофель домашний(180 г), 159 |   Картофель фри (100 г), 167 |   Картошка в фольге (200 г), 168 |   Фрикасе из овощей (150 г), 177 |   Картофель француз (200 г), 179 |   Овощи ПО-ВОСТОЧНОМУ(200г), 187 |   Картофель гриль (150 г), 197 |   Овощи гриль (150 г), 197 |   Драники ДЕРЕВЕНСКИЕ(250г), 243 |   Драники мюнхен (260г), 271 | ",0,Unset,,\Мясные\шашлы без соуса\Шашлык из говядины за 100гр.jpg
,Блюда на углях мясные,Шашлык из свиной вырезки,"Свиная нежная вырезка, маринованная по фирменному рецепту. Приготовленная на углях. Подается с соусом барбекю и маринованной капустой
",444,0,21,300," Уксус 9% (50 г), 15 |   Капуста в маринаде (50 г), 33 |   Сметана (50 г), 55 |   Болье (50 г), 55 |   Цезарь (50 г), 55 |   Хрен столовый (50 г), 55 |   Сырный (50 г), 55 |   Сметанно-чесночный 50 г, 55 |   Томатно-острый (50 г), 55 |   Барбекю (50 г), 55 |   Тонкацу (50 г), 55 |   Соевый (50 г), 55 |   Майонез (50 г), 55 |   Кетчуп хайнц (50 г), 55 |   Лук маринованый (50 г), 55 |   Острый ширача (30 г), 55 |   Горчица русская (50 г), 55 |   Тереяки ( 30 г), 55 |   Капуста в МАРИНАДЕ(100г), 66 |   Гранатовый (50 г), 80 |  Рис с овощами (200 г), 109 |   Картофель домашний(180 г), 159 |   Картофель фри (100 г), 167 |   Картошка в фольге (200 г), 168 |   Фрикасе из овощей (150 г), 177 |   Картофель француз (200 г), 179 |   Овощи ПО-ВОСТОЧНОМУ(200г), 187 |   Картофель гриль (150 г), 197 |   Овощи гриль (150 г), 197 |   Драники ДЕРЕВЕНСКИЕ(250г), 243 |   Драники мюнхен (260г), 271 | ",0,Unset,,\Мясные\Шашлык из свиной  вырезки 350 гр.jpg
,Блюда на углях мясные,Шейка BBQ,"Шея свиная нежирная, картофель фри, соус Барбекю, капуста маринованная",555,0,21,350," Уксус 9% (50 г), 15 |   Капуста в маринаде (50 г), 33 |   Сметана (50 г), 55 |   Болье (50 г), 55 |   Цезарь (50 г), 55 |   Хрен столовый (50 г), 55 |   Сырный (50 г), 55 |   Сметанно-чесночный 50 г, 55 |   Томатно-острый (50 г), 55 |   Барбекю (50 г), 55 |   Тонкацу (50 г), 55 |   Соевый (50 г), 55 |   Майонез (50 г), 55 |   Кетчуп хайнц (50 г), 55 |   Лук маринованый (50 г), 55 |   Острый ширача (30 г), 55 |   Горчица русская (50 г), 55 |   Тереяки ( 30 г), 55 |   Капуста в МАРИНАДЕ(100г), 66 |   Гранатовый (50 г), 80 |  Рис с овощами (200 г), 109 |   Картофель домашний(180 г), 159 |   Картофель фри (100 г), 167 |   Картошка в фольге (200 г), 168 |   Фрикасе из овощей (150 г), 177 |   Картофель француз (200 г), 179 |   Овощи ПО-ВОСТОЧНОМУ(200г), 187 |   Картофель гриль (150 г), 197 |   Овощи гриль (150 г), 197 |   Драники ДЕРЕВЕНСКИЕ(250г), 243 |   Драники мюнхен (260г), 271 | ",0,Unset,,\Мясные\Стейк Шея 210гр Фри 100гр.jpg
,Блюда на углях мясные,Куриные крылья гриль,"Куриное крыло, специи, соус Томатно-острый",498,0,21,450," Уксус 9% (50 г), 15 |   Капуста в маринаде (50 г), 33 |   Сметана (50 г), 55 |   Болье (50 г), 55 |   Цезарь (50 г), 55 |   Хрен столовый (50 г), 55 |   Сырный (50 г), 55 |   Сметанно-чесночный 50 г, 55 |   Томатно-острый (50 г), 55 |   Барбекю (50 г), 55 |   Тонкацу (50 г), 55 |   Соевый (50 г), 55 |   Майонез (50 г), 55 |   Кетчуп хайнц (50 г), 55 |   Лук маринованый (50 г), 55 |   Острый ширача (30 г), 55 |   Горчица русская (50 г), 55 |   Тереяки ( 30 г), 55 |   Капуста в МАРИНАДЕ(100г), 66 |   Гранатовый (50 г), 80 |  Рис с овощами (200 г), 109 |   Картофель домашний(180 г), 159 |   Картофель фри (100 г), 167 |   Картошка в фольге (200 г), 168 |   Фрикасе из овощей (150 г), 177 |   Картофель француз (200 г), 179 |   Овощи ПО-ВОСТОЧНОМУ(200г), 187 |   Картофель гриль (150 г), 197 |   Овощи гриль (150 г), 197 |   Драники ДЕРЕВЕНСКИЕ(250г), 243 |   Драники мюнхен (260г), 271 | ",0,Unset,,\Мясные\Куриные крылья гриль 400г.JPG
,Блюда на углях мясные,Кебаб по-домашнему ,"Шея свиная нежирная, мраморная говядина, лук-репка, специи, томатно-острый соус, маринованная капуста",359,0,21,300,"Рис с овощами (200 г),109 |  Картофель домашний(180 г),159 |  Картофель фри (100 г),167 |  Картошка в фольге (200 г),168 |  Фрикасе из овощей (150 г),177 |  Картофель француз (200 г),179 |  Овощи ПО-ВОСТОЧНОМУ(200г),187 |  Картофель гриль (150 г),197 |  Овощи гриль (150 г),197 |  Драники ДЕРЕВЕНСКИЕ(250г),243 |  Драники мюнхен (260г),271 | Уксус 9% (50 г),15 |  Капуста в маринаде (50 г),33 |  Сметана (50 г),55 |  Болье (50 г),55 |  Томатно-острый (50 г),55 |  Барбекю (50 г),55 |  Хрен столовый (50 г),55 |  Сырный (50 г),55 |  Сметанно-чесночный 50 г,55 |  Цезарь (50 г),55 |  Тонкацу (50 г),55 |  Соевый (50 г),55 |  Майонез (50 г),55 |  Кетчуп хайнц (50 г),55 |  Лук маринованый (50 г),55 |  Острый ширача (30 г),55 |  Тереяки ( 30 г),55 |  Горчица русская (50 г),55 |  Капуста в МАРИНАДЕ(100г),66 |  Гранатовый (50 г),80 | ",0,Unset,,\Мясные\Люля-Кебаб 280г.JPG
,Блюда на углях мясные,Шашлык из свиной шеи,"Шея свиная нежирная, лук красный маринованный, соус томатно-острый",484,0,21,300,"Рис с овощами (200 г),109 |  Картофель домашний(180 г),159 |  Картофель фри (100 г),167 |  Картошка в фольге (200 г),168 |  Фрикасе из овощей (150 г),177 |  Картофель француз (200 г),179 |  Овощи ПО-ВОСТОЧНОМУ(200г),187 |  Картофель гриль (150 г),197 |  Овощи гриль (150 г),197 |  Драники ДЕРЕВЕНСКИЕ(250г),243 |  Драники мюнхен (260г),271 | Уксус 9% (50 г),15 |  Капуста в маринаде (50 г),33 |  Сметана (50 г),55 |  Болье (50 г),55 |  Томатно-острый (50 г),55 |  Барбекю (50 г),55 |  Хрен столовый (50 г),55 |  Сырный (50 г),55 |  Сметанно-чесночный 50 г,55 |  Цезарь (50 г),55 |  Тонкацу (50 г),55 |  Соевый (50 г),55 |  Майонез (50 г),55 |  Кетчуп хайнц (50 г),55 |  Лук маринованый (50 г),55 |  Острый ширача (30 г),55 |  Тереяки ( 30 г),55 |  Горчица русская (50 г),55 |  Капуста в МАРИНАДЕ(100г),66 |  Гранатовый (50 г),80 | ",0,Unset,,\Мясные\Шашлык из свиной шеи 200г.JPG
,Блюда на углях мясные,Шашлык Француз,"Филе бедра курицы маринованное, картофель по-французски, соус томатный, капуста маринованная",469,0,21,450," Уксус 9% (50 г), 15 |   Капуста в маринаде (50 г), 33 |   Сметана (50 г), 55 |   Болье (50 г), 55 |   Цезарь (50 г), 55 |   Хрен столовый (50 г), 55 |   Сырный (50 г), 55 |   Сметанно-чесночный 50 г, 55 |   Томатно-острый (50 г), 55 |   Барбекю (50 г), 55 |   Тонкацу (50 г), 55 |   Соевый (50 г), 55 |   Майонез (50 г), 55 |   Кетчуп хайнц (50 г), 55 |   Лук маринованый (50 г), 55 |   Острый ширача (30 г), 55 |   Горчица русская (50 г), 55 |   Тереяки ( 30 г), 55 |   Капуста в МАРИНАДЕ(100г), 66 |   Гранатовый (50 г), 80 |  Рис с овощами (200 г), 109 |   Картофель домашний(180 г), 159 |   Картофель фри (100 г), 167 |   Картошка в фольге (200 г), 168 |   Фрикасе из овощей (150 г), 177 |   Картофель француз (200 г), 179 |   Овощи ПО-ВОСТОЧНОМУ(200г), 187 |   Картофель гриль (150 г), 197 |   Овощи гриль (150 г), 197 |   Драники ДЕРЕВЕНСКИЕ(250г), 243 |   Драники мюнхен (260г), 271 | ",0,Unset,,\Мясные\Шашлык Куриный 500г.JPG
,Блюда на углях мясные,Люля кебаб из говядины,"Мраморная говядина, филе куриного бедра, лук репчатый, специи, соус Томатный острый, маринованная капуста. Блюдо Халяль",359,0,21,300," Уксус 9% (50 г), 15 |   Капуста в маринаде (50 г), 33 |   Сметана (50 г), 55 |   Болье (50 г), 55 |   Цезарь (50 г), 55 |   Хрен столовый (50 г), 55 |   Сырный (50 г), 55 |   Сметанно-чесночный 50 г, 55 |   Томатно-острый (50 г), 55 |   Барбекю (50 г), 55 |   Тонкацу (50 г), 55 |   Соевый (50 г), 55 |   Майонез (50 г), 55 |   Кетчуп хайнц (50 г), 55 |   Лук маринованый (50 г), 55 |   Острый ширача (30 г), 55 |   Горчица русская (50 г), 55 |   Тереяки ( 30 г), 55 |   Капуста в МАРИНАДЕ(100г), 66 |   Гранатовый (50 г), 80 |  Рис с овощами (200 г), 109 |   Картофель домашний(180 г), 159 |   Картофель фри (100 г), 167 |   Картошка в фольге (200 г), 168 |   Фрикасе из овощей (150 г), 177 |   Картофель француз (200 г), 179 |   Овощи ПО-ВОСТОЧНОМУ(200г), 187 |   Картофель гриль (150 г), 197 |   Овощи гриль (150 г), 197 |   Драники ДЕРЕВЕНСКИЕ(250г), 243 |   Драники мюнхен (260г), 271 | ",0,Unset,,"\Мясные\1 Люля-Кебаб из говядины 180 ;50;50 (говядина, кура,лук,специи).jpg"
,Блюда на углях мясные,Кебаб из курицы,"Фарш из куриной грудки и свиной нежирной шеи с добавление специй и лука-репки, обжареный до золотистой корочке на открытом огне. Подается с соусом Барбекю и красным маринованным луком",339,0,21,310," Уксус 9% (50 г), 15 |   Капуста в маринаде (50 г), 33 |   Сметана (50 г), 55 |   Болье (50 г), 55 |   Цезарь (50 г), 55 |   Хрен столовый (50 г), 55 |   Сырный (50 г), 55 |   Сметанно-чесночный 50 г, 55 |   Томатно-острый (50 г), 55 |   Барбекю (50 г), 55 |   Тонкацу (50 г), 55 |   Соевый (50 г), 55 |   Майонез (50 г), 55 |   Кетчуп хайнц (50 г), 55 |   Лук маринованый (50 г), 55 |   Острый ширача (30 г), 55 |   Горчица русская (50 г), 55 |   Тереяки ( 30 г), 55 |   Капуста в МАРИНАДЕ(100г), 66 |   Гранатовый (50 г), 80 |  Рис с овощами (200 г), 109 |   Картофель домашний(180 г), 159 |   Картофель фри (100 г), 167 |   Картошка в фольге (200 г), 168 |   Фрикасе из овощей (150 г), 177 |   Картофель француз (200 г), 179 |   Овощи ПО-ВОСТОЧНОМУ(200г), 187 |   Картофель гриль (150 г), 197 |   Овощи гриль (150 г), 197 |   Драники ДЕРЕВЕНСКИЕ(250г), 243 |   Драники мюнхен (260г), 271 | ",0,Unset,,\Мясные\Кебаб из курицы 320гр.jpg
,Блюда на углях мясные,Отбивная из свиной шеи ,"Шея свиная нежирная, соус томатно-острый, капуста маринованная",399,0,21,350,"Рис с овощами (200 г), 109 |   Картофель домашний(180 г), 159 |   Картофель фри (100 г), 167 |   Картошка в фольге (200 г), 168 |   Фрикасе из овощей (150 г), 177 |   Картофель француз (200 г), 179 |   Овощи ПО-ВОСТОЧНОМУ(200г), 187 |   Картофель гриль (150 г), 197 |   Овощи гриль (150 г), 197 |   Драники ДЕРЕВЕНСКИЕ(250г), 243 |   Драники мюнхен (260г), 271 |  Уксус 9% (50 г), 15 |   Капуста в маринаде (50 г), 33 |   Сметана (50 г), 55 |   Болье (50 г), 55 |   Томатно-острый (50 г), 55 |   Барбекю (50 г), 55 |   Хрен столовый (50 г), 55 |   Сырный (50 г), 55 |   Сметанно-чесночный 50 г, 55 |   Цезарь (50 г), 55 |   Тонкацу (50 г), 55 |   Соевый (50 г), 55 |   Майонез (50 г), 55 |   Кетчуп хайнц (50 г), 55 |   Лук маринованый (50 г), 55 |   Острый ширача (30 г), 55 |   Тереяки ( 30 г), 55 |   Горчица русская (50 г), 55 |   Капуста в МАРИНАДЕ(100г), 66 |   Гранатовый (50 г), 80 | ",0,Unset,,\Мясные\Стек из свиной шеи  210 гркупуста 50 соус50.jpg
,Блюда на углях мясные,Ребра гриль,"Свиные ребрышки маринованные с кавказскими специями, томленые в печи и обжаренные на мангале. Подается с томатно-острым соусом и фирменной капустой в маринаде",539,0,21,400,"Рис с овощами (200 г),109 |  Картофель домашний(180 г),159 |  Картофель фри (100 г),167 |  Картошка в фольге (200 г),168 |  Фрикасе из овощей (150 г),177 |  Картофель француз (200 г),179 |  Овощи ПО-ВОСТОЧНОМУ(200г),187 |  Картофель гриль (150 г),197 |  Овощи гриль (150 г),197 |  Драники ДЕРЕВЕНСКИЕ(250г),243 |  Драники мюнхен (260г),271 | Уксус 9% (50 г),15 |  Капуста в маринаде (50 г),33 |  Сметана (50 г),55 |  Болье (50 г),55 |  Томатно-острый (50 г),55 |  Барбекю (50 г),55 |  Хрен столовый (50 г),55 |  Сырный (50 г),55 |  Сметанно-чесночный 50 г,55 |  Цезарь (50 г),55 |  Тонкацу (50 г),55 |  Соевый (50 г),55 |  Майонез (50 г),55 |  Кетчуп хайнц (50 г),55 |  Лук маринованый (50 г),55 |  Острый ширача (30 г),55 |  Тереяки ( 30 г),55 |  Горчица русская (50 г),55 |  Капуста в МАРИНАДЕ(100г),66 |  Гранатовый (50 г),80 | ",0,Unset,,\Мясные\рёбра гриль.jpg
,На компанию,Мясная тарелка,"Шашлык из свиной не жирной шеи (200 г), шашлык из свиной вырезки (200 г) шашлык из нежной говяжей вырезки (100 г), шашлык из филе бедра курицы без кости (200 г), кебаб из говядины (180 г), крылья куриные маринованные (200 г), подается с двумя видами соусов, томатный острый и сметанно-чесночный",2499,0,21,1118,"Рис с овощами (200 г),109 |  Картофель домашний(180 г),159 |  Картофель фри (100 г),167 |  Картошка в фольге (200 г),168 |  Фрикасе из овощей (150 г),177 |  Картофель француз (200 г),179 |  Овощи ПО-ВОСТОЧНОМУ(200г),187 |  Картофель гриль (150 г),197 |  Овощи гриль (150 г),197 |  Драники ДЕРЕВЕНСКИЕ(250г),243 |  Драники мюнхен (260г),271 | Уксус 9% (50 г),15 |  Капуста в маринаде (50 г),33 |  Сметана (50 г),55 |  Болье (50 г),55 |  Томатно-острый (50 г),55 |  Барбекю (50 г),55 |  Хрен столовый (50 г),55 |  Сырный (50 г),55 |  Сметанно-чесночный 50 г,55 |  Цезарь (50 г),55 |  Тонкацу (50 г),55 |  Соевый (50 г),55 |  Майонез (50 г),55 |  Кетчуп хайнц (50 г),55 |  Лук маринованый (50 г),55 |  Острый ширача (30 г),55 |  Тереяки ( 30 г),55 |  Горчица русская (50 г),55 |  Капуста в МАРИНАДЕ(100г),66 |  Гранатовый (50 г),80 | ",0,Unset,,\Мясные\Мясная тарелка 980г.JPG
,На компанию,Сэт Эгоист,"Нежнейшая говяжья вырезка( 100 г), филе куриного бедра (200 г) без кожи и костей маринованные по фирменному рецепту и обжареные на угллях до золотистой корочки и только под заказ, подается с маринованным красным луком и средне-остым томатным соусом",888,0,21,400,"Рис с овощами (200 г),109 |  Картофель домашний(180 г),159 |  Картофель фри (100 г),167 |  Картошка в фольге (200 г),168 |  Фрикасе из овощей (150 г),177 |  Картофель француз (200 г),179 |  Овощи ПО-ВОСТОЧНОМУ(200г),187 |  Картофель гриль (150 г),197 |  Овощи гриль (150 г),197 |  Драники ДЕРЕВЕНСКИЕ(250г),243 |  Драники мюнхен (260г),271 | Уксус 9% (50 г),15 |  Капуста в маринаде (50 г),33 |  Сметана (50 г),55 |  Болье (50 г),55 |  Томатно-острый (50 г),55 |  Барбекю (50 г),55 |  Хрен столовый (50 г),55 |  Сырный (50 г),55 |  Сметанно-чесночный 50 г,55 |  Цезарь (50 г),55 |  Тонкацу (50 г),55 |  Соевый (50 г),55 |  Майонез (50 г),55 |  Кетчуп хайнц (50 г),55 |  Лук маринованый (50 г),55 |  Острый ширача (30 г),55 |  Тереяки ( 30 г),55 |  Горчица русская (50 г),55 |  Капуста в МАРИНАДЕ(100г),66 |  Гранатовый (50 г),80 | ",0,Unset,,\Мясные\Сэт Эгоист 400гр.jpg
,На компанию,Сэт Гурман,"Вырезка свиная не жирная, нежнейшая говяжья вырезка, филе бедра курицы без кости, кебаб из говядины, кебаб из курицы, подается с тремя видами гарниров, овощи гриль, картошечка фри, фрикасе из овощей и соус барбекю, соус сметанно-чесночный",2390,0,21,1410,"Рис с овощами (200 г),109 |  Картофель домашний(180 г),159 |  Картофель фри (100 г),167 |  Картошка в фольге (200 г),168 |  Фрикасе из овощей (150 г),177 |  Картофель француз (200 г),179 |  Овощи ПО-ВОСТОЧНОМУ(200г),187 |  Картофель гриль (150 г),197 |  Овощи гриль (150 г),197 |  Драники ДЕРЕВЕНСКИЕ(250г),243 |  Драники мюнхен (260г),271 | Уксус 9% (50 г),15 |  Капуста в маринаде (50 г),33 |  Сметана (50 г),55 |  Болье (50 г),55 |  Томатно-острый (50 г),55 |  Барбекю (50 г),55 |  Хрен столовый (50 г),55 |  Сырный (50 г),55 |  Сметанно-чесночный 50 г,55 |  Цезарь (50 г),55 |  Тонкацу (50 г),55 |  Соевый (50 г),55 |  Майонез (50 г),55 |  Кетчуп хайнц (50 г),55 |  Лук маринованый (50 г),55 |  Острый ширача (30 г),55 |  Тереяки ( 30 г),55 |  Горчица русская (50 г),55 |  Капуста в МАРИНАДЕ(100г),66 |  Гранатовый (50 г),80 | ",0,Unset,,\Мясные\Сэт Гурман 1460гр.jpg
,На компанию,Ассорти из Кебаб,"Люля кебаб из говядины, приготовленый из рубленой мраморной говядины и куриного бедра. Люля кебаб из курицы приготовлен из рубленого филе куриного бедра и свиной шеи нежирной. Подается с соусом барбекю и маринованной капустой все приготовлено по фирменным рецептам",567,0,21,500,"Рис с овощами (200 г),109 |  Картофель домашний(180 г),159 |  Картофель фри (100 г),167 |  Картошка в фольге (200 г),168 |  Фрикасе из овощей (150 г),177 |  Картофель француз (200 г),179 |  Овощи ПО-ВОСТОЧНОМУ(200г),187 |  Картофель гриль (150 г),197 |  Овощи гриль (150 г),197 |  Драники ДЕРЕВЕНСКИЕ(250г),243 |  Драники мюнхен (260г),271 | Уксус 9% (50 г),15 |  Капуста в маринаде (50 г),33 |  Сметана (50 г),55 |  Болье (50 г),55 |  Томатно-острый (50 г),55 |  Барбекю (50 г),55 |  Хрен столовый (50 г),55 |  Сырный (50 г),55 |  Сметанно-чесночный 50 г,55 |  Цезарь (50 г),55 |  Тонкацу (50 г),55 |  Соевый (50 г),55 |  Майонез (50 г),55 |  Кетчуп хайнц (50 г),55 |  Лук маринованый (50 г),55 |  Острый ширача (30 г),55 |  Тереяки ( 30 г),55 |  Горчица русская (50 г),55 |  Капуста в МАРИНАДЕ(100г),66 |  Гранатовый (50 г),80 | ",0,Unset,,\Мясные\Ассорти из Люля-кебаб 500гр (2).jpg
,На компанию,Пивная тарелка,"Сырные палочки из Моцареллы, луковые кольца, корочки Ильича, куриные крылья фри, соус Болье, соус Томатно-острый (для компании под пенное)",839,0,21,580,,0,Unset,,\Закуски к пиву\пивная тарелка.JPG
,На компанию,Тарелка мяса на троих,"Шея свиная нежирная, филе бедра куриного, соус томатно-острый, соус сметанно-чесночный",2399,0,21,1000,"Соус Барбекю (делаем сами) (50 г)| Капуста маринованная (фирменный рецепт, идеально сочетается с мясом) (100 г)| Картофель гриль (делаем из свежего картофеля) (150 г)| Овощи гриль (баклажан, кабачки-цукини, перец болгарский, томат свежий, соль, перец. специи) (150 г)| Картофель фри (100 г)| Лук красный маринованный (лук-репка красный, соль, сахар, перец, уксус (9%) (100 г)| Соус Сырный (50 г)",0,Unset,,"\Мясные\Тарелка мяса на троих1,0кг.jpg"
,,,,,,,,,,,,
,Соуса,Соус болье,"Майонез оливковый, лук - репка красный, огурец маринованный",55,0,21,50,,0,Unset,,\Соуса\Соус Болье 50 г.JPG
,Соуса,Соус Барбекю,"Томатный соус, лук репка, мед, соевый соус, чеснок",55,0,21,50,,0,Unset,,\Соуса\Соус Барбекю 50 г.JPG
,Соуса,Соус Тонкацу,"Кетчуп Хайнц, соус Уорчестер, соевый соус, специи (собственного приготовления кисло-сладкий)",55,0,21,50,,0,Unset,,\Соуса\Соус Гранатовый 50 г.JPG
,Соуса,Соус томатный - острый,"Томатный соус, чеснок, перец чили. (средне острый)",55,0,21,50,,0,Unset,,\Соуса\Острый томатный соус 50 г.JPG
,Соуса,Соус майонез,Майонез оливковый Слобода,55,0,21,50,,0,Unset,,\Соуса\Майонез 50 г.JPG
,Соуса,Горчица Русская,Горчица Русская (острая),55,0,21,50,,0,Unset,,\Соуса\горчица.jpg
,Соуса,Гранатовый соус,Соус гранатовый Наршараб,80,0,21,50,,0,Unset,,\Соуса\Соус Гранатовый 50 г.JPG
,Соуса,Луковые маринованный,"Лук-репка красный, уксус 9%, сахар, соль",55,0,21,50,,0,Unset,,\Соуса\Лук маринованный 50 г.JPG
,Соуса,Сметана,Сметана,55,0,21,50,,0,Unset,,\Соуса\Майонез 50 г.JPG
,Соуса,Сырный соус,Сырный соус Хайнц,55,0,21,50,,0,Unset,,\Соуса\Соус Сырный 50 г.JPG
,Соуса,Соус Соевый,Соус Соевый,55,,,50,,,,,\Соуса\Соус Гранатовый 50 г.JPG
,Соуса,Кетчуп Хайнц,Соуса,55,,,50,,,,,\Соуса\Острый томатный соус 50 г.JPG
,Соуса,Соус Ширача,Соус Ширача ,55,,,50,,,,,\Соуса\Острый томатный соус 50 г.JPG
,Соуса,Соус Цезарь,"Сливки 33%, майонез оливковый, чеснок, соевый соус, специи",55,,,50,,,,,\Соуса\Майонез 50 г.JPG
,Соуса,Соус Сметанно - чесночный ,"Сметана, чеснок, петрушка ",55,,,50,,,,,\Соуса\Майонез 50 г.JPG
,Соуса,Хрен Столовый ,Хрен Столовый ,55,,,50,,,,,\Соуса\хрен.jpg
,Мясные блюда,Телятина Винтаж,"Медальоны из нежнейшей говяжей вырезки, слегка отбитые, обжареные на сковородочке и слегка смазанная французкой Дижонской горчицой и тушиться в сливках, с добавлением шляпок белых грибов и вишни без косточки. Фирменное блюдо",421,0,21,200,"Без вишни,0 |  Без грибов,0 | Рис с овощами (200 г),109 |  Картофель домашний(180 г),159 |  Картофель фри (100 г),167 |  Картошка в фольге (200 г),168 |  Фрикасе из овощей (150 г),177 |  Картофель француз (200 г),179 |  Овощи ПО-ВОСТОЧНОМУ(200г),187 |  Картофель гриль (150 г),197 |  Овощи гриль (150 г),197 |  Драники ДЕРЕВЕНСКИЕ(250г),243 |  Драники мюнхен (260г),271 | 5  Уксус 9% (50 г),15 |  Капуста в маринаде (50 г),33 |  Сметана (50 г),55 |  Болье (50 г),55 |  Цезарь (50 г),55 |  Хрен столовый (50 г),55 |  Сырный (50 г),55 |  Сметанно-чесночный 50 г,55 |  Томатно-острый (50 г),55 |  Барбекю (50 г),55 |  Тонкацу (50 г),55 |  Соевый (50 г),55 |  Майонез (50 г),55 |  Кетчуп хайнц (50 г),55 |  Лук маринованый (50 г),55 |  Острый ширача (30 г),55 |  Тереяки ( 30 г),55 |  Горчица русская (50 г),55 |  Капуста в МАРИНАДЕ(100г),66 |  Гранатовый (50 г),80 |",0,Unset,,\Мясные\Телятина Винтаж 200г.JPG
,Мясные блюда,Телятина Оригинальная,"Вырезка говяжья, бекон копчено-вареный, картофель фри, соус Цезарь, соус Тонкацу, сыр Моцарелла",417,0,21,230," Капуста в маринаде (50 г),33 |  Сметана (50 г),55 |  Болье (50 г),55 |  Цезарь (50 г),55 |  Хрен столовый (50 г),55 |  Сырный (50 г),55 |  Сметанно-чесночный 50 г,55 |  Томатно-острый (50 г),55 |  Барбекю (50 г),55 |  Тонкацу (50 г),55 |  Соевый (50 г),55 |  Майонез (50 г),55 |  Кетчуп хайнц (50 г),55 |  Лук маринованый (50 г),55 |  Острый ширача (30 г),55 |  Тереяки ( 30 г),55 |  Горчица русская (50 г),55 |  Капуста в МАРИНАДЕ(100г),66 |  Гранатовый (50 г),80 |",0,Unset,,\Мясные\Телятина Оригинальная 220г.JPG
,Мясные блюда,Филе Смак,"Филе куриной грудки, сыр Моцарелла, яйцо.",297,0,21,200,"Рис с овощами (200 г),109 |  Картофель домашний(180 г),159 |  Картофель фри (100 г),167 |  Картошка в фольге (200 г),168 |  Фрикасе из овощей (150 г),177 |  Картофель француз (200 г),179 |  Овощи ПО-ВОСТОЧНОМУ(200г),187 |  Картофель гриль (150 г),197 |  Овощи гриль (150 г),197 |  Драники ДЕРЕВЕНСКИЕ(250г),243 |  Драники мюнхен (260г),271 | Уксус 9% (50 г),15 |  Капуста в маринаде (50 г),33 |  Сметана (50 г),55 |  Болье (50 г),55 |  Томатно-острый (50 г),55 |  Барбекю (50 г),55 |  Хрен столовый (50 г),55 |  Сырный (50 г),55 |  Сметанно-чесночный 50 г,55 |  Цезарь (50 г),55 |  Тонкацу (50 г),55 |  Соевый (50 г),55 |  Майонез (50 г),55 |  Кетчуп хайнц (50 г),55 |  Лук маринованый (50 г),55 |  Острый ширача (30 г),55 |  Тереяки ( 30 г),55 |  Горчица русская (50 г),55 |  Капуста в МАРИНАДЕ(100г),66 |  Гранатовый (50 г),80 | ",0,Unset,,\Мясные\Филе Смак 200г.JPG
,Мясные блюда,Эскалоп по-цыгански,"Вырезка свиная, яйцо, ветчина из индейки, сухари панко, майонез оливковый, сыр моцарелла, зелень, айзербайджанский томат, капуста маринованная",389,0,21,285," Капуста в маринаде (50 г),33 |  Сметана (50 г),55 |  Болье (50 г),55 |  Цезарь (50 г),55 |  Хрен столовый (50 г),55 |  Сырный (50 г),55 |  Сметанно-чесночный 50 г,55 |  Томатно-острый (50 г),55 |  Барбекю (50 г),55 |  Тонкацу (50 г),55 |  Соевый (50 г),55 |  Майонез (50 г),55 |  Кетчуп хайнц (50 г),55 |  Лук маринованый (50 г),55 |  Острый ширача (30 г),55 |  Тереяки ( 30 г),55 |  Горчица русская (50 г),55 |  Капуста в МАРИНАДЕ(100г),66 |  Гранатовый (50 г),80 |",0,Unset,,\Мясные\Эскалоп по-цыгански 320г.JPG
,Мясные блюда,Свинина Маринеб,"Вырезка свиная, огурец маринованный (маринуем сами), томат свежий, сыр Моцарелла, майонез оливковый",279,0,21,200," Капуста в маринаде (50 г),33 |  Сметана (50 г),55 |  Болье (50 г),55 |  Цезарь (50 г),55 |  Хрен столовый (50 г),55 |  Сырный (50 г),55 |  Сметанно-чесночный 50 г,55 |  Томатно-острый (50 г),55 |  Барбекю (50 г),55 |  Тонкацу (50 г),55 |  Соевый (50 г),55 |  Майонез (50 г),55 |  Кетчуп хайнц (50 г),55 |  Лук маринованый (50 г),55 |  Острый ширача (30 г),55 |  Тереяки ( 30 г),55 |  Горчица русская (50 г),55 |  Капуста в МАРИНАДЕ(100г),66 |  Гранатовый (50 г),80 |",0,Unset,,\Мясные\Свинина Маринеб 220г.JPG
,Мясные блюда,Мясо Албани,"Маринованная нежная говяжья вырезка, обжаренная со свежими баклажанами, кабачками, айзербайджанский томат, лук-репкой, картофелем, и свежими шампиньонами, перцем болгарским, на чугунной сковородке и ошпаренные соевым соусом. При подаче добавляем мелко рубленый чеснок",497,0,21,370,"Без чеснока,0 |Без зелени,0 |  Уксус 9% (50 г),15 |  Капуста в маринаде (50 г),33 |  Сметана (50 г),55 |  Болье (50 г),55 |  Цезарь (50 г),55 |  Хрен столовый (50 г),55 |  Сырный (50 г),55 |  Сметанно-чесночный 50 г,55 |  Томатно-острый (50 г),55 |  Барбекю (50 г),55 |  Тонкацу (50 г),55 |  Тереяки ( 30 г),55 |  Соевый (50 г),55 |  Майонез (50 г),55 |  Кетчуп хайнц (50 г),55 |  Лук маринованый (50 г),55 |  Острый ширача (30 г),55 |  Горчица русская (50 г),55 |  Капуста в МАРИНАДЕ(100г),66 |  Гранатовый (50 г),80 |",0,Unset,,\Мясные\Мясо Албани 310гр.jpg
,Мясные блюда,Филе Кордон Блю,"Филе куриной грудки, соус Цезарь, ветчина из индейки, сыр Моцарелла
",317,0,21,230," Капуста в маринаде (50 г),33 |  Сметана (50 г),55 |  Болье (50 г),55 |  Цезарь (50 г),55 |  Хрен столовый (50 г),55 |  Сырный (50 г),55 |  Сметанно-чесночный 50 г,55 |  Томатно-острый (50 г),55 |  Барбекю (50 г),55 |  Тонкацу (50 г),55 |  Соевый (50 г),55 |  Майонез (50 г),55 |  Кетчуп хайнц (50 г),55 |  Лук маринованый (50 г),55 |  Острый ширача (30 г),55 |  Тереяки ( 30 г),55 |  Горчица русская (50 г),55 |  Капуста в МАРИНАДЕ(100г),66 |  Гранатовый (50 г),80 |",0,Unset,,\Мясные\Филе Кордон Блю 250 г.JPG
,Мясные блюда,Сотэ с курочкой,"Маринованное филе куриного бедра, обжариваем со свежими баклажанами, кабачками, айзербайджанский томат, луком-репкой, отварным картофелем, и свежими шампиньонами, перцем болгарским, на чугунной сковородке и ошпаренные соевым соусом. При подаче добавляем мелко рубленый чеснок",357,0,21,380,"Без чеснока,0 |Без зелени,0 |  Уксус 9% (50 г),15 |  Капуста в маринаде (50 г),33 |  Сметана (50 г),55 |  Болье (50 г),55 |  Цезарь (50 г),55 |  Хрен столовый (50 г),55 |  Сырный (50 г),55 |  Сметанно-чесночный 50 г,55 |  Томатно-острый (50 г),55 |  Барбекю (50 г),55 |  Тонкацу (50 г),55 |  Тереяки ( 30 г),55 |  Соевый (50 г),55 |  Майонез (50 г),55 |  Кетчуп хайнц (50 г),55 |  Лук маринованый (50 г),55 |  Острый ширача (30 г),55 |  Горчица русская (50 г),55 |  Капуста в МАРИНАДЕ(100г),66 |  Гранатовый (50 г),80 |",0,Unset,,\Мясные\Сотэ из курочки310гр.jpg
,Мясные блюда,Нагеттцы с картофелем фри,"Нежное филе грудки, панированое в яйце и сухариках, подаем с картофелем фри, соус барбекю",369,0,21,280," Капуста в маринаде (50 г),33 |  Сметана (50 г),55 |  Болье (50 г),55 |  Цезарь (50 г),55 |  Хрен столовый (50 г),55 |  Сырный (50 г),55 |  Сметанно-чесночный 50 г,55 |  Томатно-острый (50 г),55 |  Барбекю (50 г),55 |  Тонкацу (50 г),55 |  Соевый (50 г),55 |  Майонез (50 г),55 |  Кетчуп хайнц (50 г),55 |  Лук маринованый (50 г),55 |  Острый ширача (30 г),55 |  Тереяки ( 30 г),55 |  Горчица русская (50 г),55 |  Капуста в МАРИНАДЕ(100г),66 |  Гранатовый (50 г),80 |",0,Unset,,\Мясные\Нагеттцы Шашлычные 130гр Фри 100гр.jpg
,Мясные блюда,Медальоны Дон Базилио,"Вырезка говяжья, айзербайджанский томат, сливки 33%, перец болгарский, сыр Пармезан, огурец свежий, зелень",539,,,225," Капуста в маринаде (50 г),33 |  Сметана (50 г),55 |  Болье (50 г),55 |  Цезарь (50 г),55 |  Хрен столовый (50 г),55 |  Сырный (50 г),55 |  Сметанно-чесночный 50 г,55 |  Томатно-острый (50 г),55 |  Барбекю (50 г),55 |  Тонкацу (50 г),55 |  Соевый (50 г),55 |  Майонез (50 г),55 |  Кетчуп хайнц (50 г),55 |  Лук маринованый (50 г),55 |  Острый ширача (30 г),55 |  Тереяки ( 30 г),55 |  Горчица русская (50 г),55 |  Капуста в МАРИНАДЕ(100г),66 |  Гранатовый (50 г),80 |",0,,,\Мясные\Медальоны Дон Базилио 250г.JPG
,Мясные блюда,Медальоны из свинины,"Отбивные из свиной вырезки, обжаренные на гриле, подается с маринованной капустой. Рекомендуем для спортивного питания, богата белком",333,,,200," Капуста в маринаде (50 г),33 |  Сметана (50 г),55 |  Болье (50 г),55 |  Цезарь (50 г),55 |  Хрен столовый (50 г),55 |  Сырный (50 г),55 |  Сметанно-чесночный 50 г,55 |  Томатно-острый (50 г),55 |  Барбекю (50 г),55 |  Тонкацу (50 г),55 |  Соевый (50 г),55 |  Майонез (50 г),55 |  Кетчуп хайнц (50 г),55 |  Лук маринованый (50 г),55 |  Острый ширача (30 г),55 |  Тереяки ( 30 г),55 |  Горчица русская (50 г),55 |  Капуста в МАРИНАДЕ(100г),66 |  Гранатовый (50 г),80 |",0,,,\Мясные\Медальоны из свинины 200г.JPG
,Мясные блюда,Ребрышки с Фри ,"Свиные ребрышки маринованные с кавказскими специями, томленые в печи и обжаренные на мангале. Подается с картофелем фри, соусом Барбекю и фирменной капустой в маринаде ",749,,,500," Капуста в маринаде (50 г),33 |  Сметана (50 г),55 |  Болье (50 г),55 |  Цезарь (50 г),55 |  Хрен столовый (50 г),55 |  Сырный (50 г),55 |  Сметанно-чесночный 50 г,55 |  Томатно-острый (50 г),55 |  Барбекю (50 г),55 |  Тонкацу (50 г),55 |  Соевый (50 г),55 |  Майонез (50 г),55 |  Кетчуп хайнц (50 г),55 |  Лук маринованый (50 г),55 |  Острый ширача (30 г),55 |  Тереяки ( 30 г),55 |  Горчица русская (50 г),55 |  Капуста в МАРИНАДЕ(100г),66 |  Гранатовый (50 г),80 |",0,,,\Мясные\Ребрышки с фри доставка.jpg
,Мясные блюда,Оджахури из свинины ,"Маринованная свиная вырезка, обжаренная со свежими баклажанами, кабачками, айзербайджанский томат, лук-репкой, картофелем, и свежими шампиньонами, перцем болгарским, на чугунной сковородке и ошпаренные соевым соусом. При подаче добавляем мелко рубленый чеснок и зелень ",397,,,380,"Без чеснока,0 |Без зелени,0 |  Уксус 9% (50 г),15 |  Капуста в маринаде (50 г),33 |  Сметана (50 г),55 |  Болье (50 г),55 |  Цезарь (50 г),55 |  Хрен столовый (50 г),55 |  Сырный (50 г),55 |  Сметанно-чесночный 50 г,55 |  Томатно-острый (50 г),55 |  Барбекю (50 г),55 |  Тонкацу (50 г),55 |  Тереяки ( 30 г),55 |  Соевый (50 г),55 |  Майонез (50 г),55 |  Кетчуп хайнц (50 г),55 |  Лук маринованый (50 г),55 |  Острый ширача (30 г),55 |  Горчица русская (50 г),55 |  Капуста в МАРИНАДЕ(100г),66 |  Гранатовый (50 г),80 |",0,,,\Мясные\Аджахури из свинины для доставки.jpg
,Пасты и пельмени,Фетучини Кон-фунги,"Паста из твердых сортов пшеницы Barilla, маринованная мраморная говядина, белые грибы жареные, сливки 33% (Белый город), сыр Пармезан, зелень",487,0,21,300,"Сыр пармезан (10 г),25 |",0,Unset,,\Паста и пельмени\Конфунги.jpg
,Пасты и пельмени,Спагетти Карбонара,"Паста из твердых сортов пшеницы Barilla,, сливки 33 % (Белый город), бекон копчено-вареный, сыр Пармезан, зеленьПаста из твердых сортов пшеницы Barilla, сливки 33 % (Белый город), бекон копчено-вареный, сыр Пармезан, зелень.
300 гр.",343,0,21,320,"Сыр пармезан (10 г),25 |  Бекона (50 г) в пасту,69 |",0,Unset,,\Паста и пельмени\Спагетти Карбонара 350 г.JPG
,Пасты и пельмени,Феттуччине с лососем,"Паста из твердых сортов пшеницы Barilla, филе лосося, сливки 33 % (Белый Город), сыр Пармезан, зелень",497,0,21,350,"Без перца,0 |  Сыр пармезан (10 г),25 |",0,Unset,,\Паста и пельмени\Фетучини с лососем 380 г.JPG
,Пасты и пельмени,Феттуччине с креветками,"Паста из твердых сортов пшеницы Barilla, тигровые креветки крупные, сливки 33 % (Белый город), болгарский перец, сыр Пармезан, зелень
",537,0,21,360,"Сыр пармезан (10 г),25 |",0,Unset,,\Паста и пельмени\Феттучине с креветками 380 г.JPG
,Пасты и пельмени,Пельмени вареные,"Фарш из мраморной говядины и свиной шеи, лук репчатый, соль, специи, тесто пельменное. Пельмени самолепные",297,0,21,250,"Уксус 9% (50 г),15 |  Капуста в маринаде (50 г),33 |  Сметана (50 г),55 |  Болье (50 г),55 |  Цезарь (50 г),55 |  Хрен столовый (50 г),55 |  Сырный (50 г),55 |  Сметанно-чесночный 50 г,55 |  Томатно-острый (50 г),55 |  Барбекю (50 г),55 |  Тонкацу (50 г),55 |  Соевый (50 г),55 |  Майонез (50 г),55 |  Кетчуп хайнц (50 г),55 |  Лук маринованый (50 г),55 |  Острый ширача (30 г),55 |  Тереяки ( 30 г),55 |  Горчица русская (50 г),55 |  Капуста в МАРИНАДЕ(100г),66 |  Гранатовый (50 г),80 |  Без зелени,0 |  Сметана (50 г),55 |",0,Unset,,\Паста и пельмени\Пельмени вареные 200 г.JPG
,Пасты и пельмени,Феттуччине с курицей,"Филе куриной грудки свежеобжаренное, филе куриной копченой грудки, паста из твердых сортов пшеницы Barilla, сливки 33% (Белый город), сыр Пармезан, зеленьФиле куриной грудки свежеобжаренное, филе куриной копченой грудки, паста из твердых сортов пшеницы Barilla, сливки 33% (Белый город), сыр Пармезан, зелень.
380 гр.
{ХИТ}*",369,0,21,350,"Сыр пармезан (10 г),25 |  Шампиньоны (20 г),45 |  Белыми грибами (20 г),63 |",0,Unset,,\Паста и пельмени\Феттучине с курицей 380 г.JPG
,Пасты и пельмени,Пельмени в горшочке,"Тесто пельменное, окорок свиной, мраморная говядина, шампиньоны, майонез оливковый, лук, зелень, бульон. Пельмени самолепные",363,0,21,350," Без грибов,0 |  Без лука,0 |  Моцарелло (20 г) в блюдо,49 |",0,Unset,,\Паста и пельмени\Пельмени в горшочке 300г.JPG
,Десерты,Торт Престиж,"Нежнейший сметанно карамельный вкус, с нотками шоколадного послевкусия",284,,,100,"Без топпингов,0 |",,,,\Десерты\медовик доставка.jpg
,Десерты,Сгущенка,Сгущенное молоко,55,0,21,50,,0,Unset,,\Соуса\сгущенка.jpg
,Десерты,Наслаждение богов,"Киви, апельсин, ванильный крем, взбитые сливки, топпинг вишнёвый.",238,0,21,200,,0,Unset,,\Десерты\Наслаждение богов 220 г.JPG
,Десерты,Мороженное,60 гр - 1 шарик.,79,0,21,60,"Шоколадное, 0| Ванильное, 0|",0,Unset,,\Десерты\мороженое.jpg
,Десерты,Шоколадный фондан,"Шоколадный бисквит (собственного приготовления), грецкий орех, ванильный шарик, взбитые сливки",267,0,21,195,,0,Unset,,\Десерты\Шоколадный фондан 180г.JPG
,Десерты,Штрудель яблочно-вишневый,"Слоеное тесто бездрожжевое, яблоко, вишня, винoград, корица, взбитые сливки, шоколадный шарик.( выпекаем сами)",291,0,21,285,,0,Unset,,\Десерты\Яблочно-вишневый штрудель 250г.JPG
,Десерты,Чизкейк Нью-Йорк,"Чизкейк Фэнтази ванильный, топпинг вишневый, топпинг шоколадный",247,0,21,120," Без топпингов,0 |  Без вишневого,0 |  Без шокодадного,0 |",0,Unset,,\Десерты\Чизкейк Нью Йорк 120 г.JPG
,Закуски к пиву,Чертовские крылышки,"Крыло куриное маринованное, паприка, перец острый, соус Томатно-острый",331,0,21,250,"Рис с овощами (200 г),109 |  Картофель домашний(180 г),159 |  Картофель фри (100 г),167 |  Картошка в фольге (200 г),168 |  Фрикасе из овощей (150 г),177 |  Картофель француз (200 г),179 |  Овощи ПО-ВОСТОЧНОМУ(200г),187 |  Картофель гриль (150 г),197 |  Овощи гриль (150 г),197 |  Драники ДЕРЕВЕНСКИЕ(250г),243 |  Драники мюнхен (260г),271 | Уксус 9% (50 г),15 |  Капуста в маринаде (50 г),33 |  Сметана (50 г),55 |  Болье (50 г),55 |  Томатно-острый (50 г),55 |  Барбекю (50 г),55 |  Хрен столовый (50 г),55 |  Сырный (50 г),55 |  Сметанно-чесночный 50 г,55 |  Цезарь (50 г),55 |  Тонкацу (50 г),55 |  Соевый (50 г),55 |  Майонез (50 г),55 |  Кетчуп хайнц (50 г),55 |  Лук маринованый (50 г),55 |  Острый ширача (30 г),55 |  Тереяки ( 30 г),55 |  Горчица русская (50 г),55 |  Капуста в МАРИНАДЕ(100г),66 |  Гранатовый (50 г),80 | ",0,Unset,,\Закуски к пиву\Чертовские крылышки 180г.JPG
,Закуски к пиву,Кольца кальмара в кляре фри.,"Кольца из филе кальмара в панировке, соус Болье",339,0,21,150,"Уксус 9% (50 г),15 |  Капуста в маринаде (50 г),33 |  Сметана (50 г),55 |  Болье (50 г),55 |  Томатно-острый (50 г),55 |  Барбекю (50 г),55 |  Хрен столовый (50 г),55 |  Сырный (50 г),55 |  Сметанно-чесночный 50 г,55 |  Цезарь (50 г),55 |  Тонкацу (50 г),55 |  Соевый (50 г),55 |  Майонез (50 г),55 |  Кетчуп хайнц (50 г),55 |  Лук маринованый (50 г),55 |  Острый ширача (30 г),55 |  Тереяки ( 30 г),55 |  Горчица русская (50 г),55 |  Капуста в МАРИНАДЕ(100г),66 |  Гранатовый (50 г),80 |",0,Unset,,\Закуски к пиву\Кольца кальмара  фри 150г.JPG
,Закуски к пиву,Сырные шарики фри,"Сыр Моцарелла, кляр, соус Болье",329,0,21,170,"Уксус 9% (50 г),15 |  Капуста в маринаде (50 г),33 |  Сметана (50 г),55 |  Болье (50 г),55 |  Цезарь (50 г),55 |  Хрен столовый (50 г),55 |  Сырный (50 г),55 |  Сметанно-чесночный 50 г,55 |  Томатно-острый (50 г),55 |  Барбекю (50 г),55 |  Тонкацу (50 г),55 |  Соевый (50 г),55 |  Майонез (50 г),55 |  Кетчуп хайнц (50 г),55 |  Лук маринованый (50 г),55 |  Острый ширача (30 г),55 |  Тереяки ( 30 г),55 |  Горчица русская (50 г),55 |  Капуста в МАРИНАДЕ(100г),66 |  Гранатовый (50 г),80 | ",0,Unset,,\Закуски к пиву\Сырные шарики доставка.jpg
,Закуски к пиву,Корочки Ильича,"Бородинский хлеб жареный, чесонок, соус сметанно-чесночный",167,0,21,130,"Уксус 9% (50 г),15 |  Капуста в маринаде (50 г),33 |  Сметана (50 г),55 |  Болье (50 г),55 |  Цезарь (50 г),55 |  Хрен столовый (50 г),55 |  Сырный (50 г),55 |  Сметанно-чесночный 50 г,55 |  Томатно-острый (50 г),55 |  Барбекю (50 г),55 |  Тонкацу (50 г),55 |  Соевый (50 г),55 |  Майонез (50 г),55 |  Кетчуп хайнц (50 г),55 |  Лук маринованый (50 г),55 |  Острый ширача (30 г),55 |  Тереяки ( 30 г),55 |  Горчица русская (50 г),55 |  Капуста в МАРИНАДЕ(100г),66 |  Гранатовый (50 г),80 | Без чеснока,0 | ",0,Unset,,\Закуски к пиву\Корочки Ильича 200 г.JPG
,Закуски к пиву,Луковые кольца,"Лук репка, кляр, соус болье",177,0,21,150,"Уксус 9% (50 г),15 |  Капуста в маринаде (50 г),33 |  Сметана (50 г),55 |  Болье (50 г),55 |  Цезарь (50 г),55 |  Хрен столовый (50 г),55 |  Сырный (50 г),55 |  Сметанно-чесночный 50 г,55 |  Томатно-острый (50 г),55 |  Барбекю (50 г),55 |  Тонкацу (50 г),55 |  Соевый (50 г),55 |  Майонез (50 г),55 |  Кетчуп хайнц (50 г),55 |  Лук маринованый (50 г),55 |  Острый ширача (30 г),55 |  Тереяки ( 30 г),55 |  Горчица русская (50 г),55 |  Капуста в МАРИНАДЕ(100г),66 |  Гранатовый (50 г),80 | ",0,Unset,,\Закуски к пиву\Луковые кольца 150г.JPG
,Закуски к пиву,Фисташки,Фисташки иранские. Жареные с солью,147,0,21,50,,0,Unset,,\Закуски к пиву\Фисташки 50 г.JPG
,Закуски к пиву,Ассорти к пиву ,"Кольца из филе кальмара, луковые кольца, соус Болье ",486,,,250,"Уксус 9% (50 г),15 |  Капуста в маринаде (50 г),33 |  Сметана (50 г),55 |  Болье (50 г),55 |  Томатно-острый (50 г),55 |  Барбекю (50 г),55 |  Хрен столовый (50 г),55 |  Сырный (50 г),55 |  Сметанно-чесночный 50 г,55 |  Цезарь (50 г),55 |  Тонкацу (50 г),55 |  Соевый (50 г),55 |  Майонез (50 г),55 |  Кетчуп хайнц (50 г),55 |  Лук маринованый (50 г),55 |  Острый ширача (30 г),55 |  Тереяки ( 30 г),55 |  Горчица русская (50 г),55 |  Капуста в МАРИНАДЕ(100г),66 |  Гранатовый (50 г),80 |",0,,,\Закуски к пиву\Ассорти к пиву 250г.JPG
,Закуски к пиву,Курочка в кляре фри ,"Филе куриной грудки, кляр, соус сметанно-чесночный, сухари панко",321,,,150,"Уксус 9% (50 г),15 |  Капуста в маринаде (50 г),33 |  Сметана (50 г),55 |  Болье (50 г),55 |  Цезарь (50 г),55 |  Хрен столовый (50 г),55 |  Сырный (50 г),55 |  Сметанно-чесночный 50 г,55 |  Томатно-острый (50 г),55 |  Барбекю (50 г),55 |  Тонкацу (50 г),55 |  Соевый (50 г),55 |  Майонез (50 г),55 |  Кетчуп хайнц (50 г),55 |  Лук маринованый (50 г),55 |  Острый ширача (30 г),55 |  Тереяки ( 30 г),55 |  Горчица русская (50 г),55 |  Капуста в МАРИНАДЕ(100г),66 |  Гранатовый (50 г),80 | Рис с овощами (200 г),109 |  Картофель домашний(180 г),159 |  Картофель фри (100 г),167 |  Картошка в фольге (200 г),168 |  Фрикасе из овощей (150 г),177 |  Картофель француз (200 г),179 |  Овощи ПО-ВОСТОЧНОМУ(200г),187 |  Картофель гриль (150 г),197 |  Овощи гриль (150 г),197 |  Драники ДЕРЕВЕНСКИЕ(250г),243 |  Драники мюнхен (260г),271 |",0,,,\Закуски к пиву\Курочка в кляре фри 250г (архив).JPG
,Закуски к пиву,Пивная тарелка ,"Сырные палочки из Моцареллы, луковые кольца, корочки Ильича, куриные крылья фри, соус Болье, соус Томатно-острый (для компании под пенное)",839,,,580,,,,,\Закуски к пиву\пивная тарелка.JPG
,Закуски к пиву,Чесночные сухарики ,Чесночные сухарики ( белые из батона) Делаем сами ,79,,,80,,,,,\Суп\Сухарики к супу 50 г.JPG
,Гарниры,Дранники Мюнхен,"Шампиньоны жареные, бекон к/в, сыр моцарелла, картофель свежий, яйцо, лук-репка жареный",271,0,21,250," Без грибов,0 |  Без лука,0 | Уксус 9% (50 г),15 |  Капуста в маринаде (50 г),33 |  Сметана (50 г),55 |  Болье (50 г),55 |  Томатно-острый (50 г),55 |  Барбекю (50 г),55 |  Хрен столовый (50 г),55 |  Сырный (50 г),55 |  Сметанно-чесночный 50 г,55 |  Цезарь (50 г),55 |  Тонкацу (50 г),55 |  Соевый (50 г),55 |  Майонез (50 г),55 |  Кетчуп хайнц (50 г),55 |  Лук маринованый (50 г),55 |  Острый ширача (30 г),55 |  Тереяки ( 30 г),55 |  Горчица русская (50 г),55 |  Капуста в МАРИНАДЕ(100г),66 |  Гранатовый (50 г),80 |",0,Unset,,\Гарниры\Драники Мюнхен 320 г.JPG
,Гарниры,Цветная капуста в яйце,"Капуста цветная, яйцо, сухари Панко",179,0,21,150,"Уксус 9% (50 г),15 |  Капуста в маринаде (50 г),33 |  Сметана (50 г),55 |  Сметанно-чесночный 50 г,55 |  Майонез (50 г),55 |  Острый ширача (30 г),55 |  Томатно-острый (50 г),55 |  Сырный (50 г),55 |  Барбекю (50 г),55 |  Кетчуп хайнц (50 г),55 |  Болье (50 г),55 |  Цезарь (50 г),55 |  Хрен столовый (50 г),55 |  Тонкацу (50 г),55 |  Соевый (50 г),55 |  Лук маринованый (50 г),55 |  Тереяки ( 30 г),55 |  Горчица русская (50 г),55 |  Капуста в МАРИНАДЕ(100г),66 |  Гранатовый (50 г),80 | ",0,Unset,,\Гарниры\Цветная капуста в яйце 150 г.JPG
,Гарниры,Картофель по-домашнему,"Отварной картофель, шампиньоны жареные, лук-репка",159,0,21,180,"Без лука,0 |  Без грибов,0 |",0,Unset,,\Гарниры\Картофель по-домашнему 150 г.JPG
,Гарниры,Картофель по-французски,"Отварной картофель, сыр моцарелла, соус цезарьотварной картофель, чеснок, сыр Моцарелла, соус ""Цезарь"".
200 гр.",169,0,21,200," Без чеснока,0 |  Моцарелло (20 г) в блюдо,49 |",0,Unset,,\Гарниры\Картофель по-французки 200г.JPG
,Гарниры,Овощи по-восточному,"Баклажаны, кабачки-цукини, перец болгарский, лук-репка, шампиньоны, чеснок, картофель, соевый соус",187,0,21,200,"Уксус 9% (50 г),15 |  Капуста в маринаде (50 г),33 |  Сметана (50 г),55 |  Сметанно-чесночный 50 г,55 |  Майонез (50 г),55 |  Острый ширача (30 г),55 |  Томатно-острый (50 г),55 |  Сырный (50 г),55 |  Барбекю (50 г),55 |  Кетчуп хайнц (50 г),55 |  Болье (50 г),55 |  Цезарь (50 г),55 |  Хрен столовый (50 г),55 |  Тонкацу (50 г),55 |  Соевый (50 г),55 |  Лук маринованый (50 г),55 |  Тереяки ( 30 г),55 |  Горчица русская (50 г),55 |  Капуста в МАРИНАДЕ(100г),66 |  Гранатовый (50 г),80 |",0,Unset,,\Гарниры\Овощи по-восточному 200 г.JPG
,Гарниры,Картофель фри,Картофель фри.,167,0,21,100,"Уксус 9% (50 г),15 |  Капуста в маринаде (50 г),33 |  Сметана (50 г),55 |  Сметанно-чесночный 50 г,55 |  Майонез (50 г),55 |  Острый ширача (30 г),55 |  Томатно-острый (50 г),55 |  Сырный (50 г),55 |  Барбекю (50 г),55 |  Кетчуп хайнц (50 г),55 |  Болье (50 г),55 |  Цезарь (50 г),55 |  Хрен столовый (50 г),55 |  Тонкацу (50 г),55 |  Соевый (50 г),55 |  Лук маринованый (50 г),55 |  Тереяки ( 30 г),55 |  Горчица русская (50 г),55 |  Капуста в МАРИНАДЕ(100г),66 |  Гранатовый (50 г),80 |",0,Unset,,\Гарниры\Картофель фри100г.JPG
,Гарниры,Фрикасе из овощей,"Цветная капуста, кунжут жареный, брокколи, морковь, перец болгарский",177,0,21,150,"Готовить на пару!,0 | Уксус 9% (50 г),15 |  Капуста в маринаде (50 г),33 |  Сметана (50 г),55 |  Сметанно-чесночный 50 г,55 |  Майонез (50 г),55 |  Острый ширача (30 г),55 |  Томатно-острый (50 г),55 |  Сырный (50 г),55 |  Барбекю (50 г),55 |  Кетчуп хайнц (50 г),55 |  Болье (50 г),55 |  Цезарь (50 г),55 |  Хрен столовый (50 г),55 |  Тонкацу (50 г),55 |  Соевый (50 г),55 |  Лук маринованый (50 г),55 |  Тереяки ( 30 г),55 |  Горчица русская (50 г),55 |  Капуста в МАРИНАДЕ(100г),66 |  Гранатовый (50 г),80 |",0,Unset,,\Гарниры\Фрикасе из овощей 180 г.JPG
,Гарниры,Дранники по-деревенски,"Свежий картофель, шампиньоны жареные, яйцо, лук-репка жареный, обжариваеться до хрустящей корочки, подается со сметанно-чесночным соусом",243,0,21,300,"Без грибов,0 |  Без лука,0 | Уксус 9% (50 г),15 |  Капуста в маринаде (50 г),33 |  Острый ширача (30 г),55 |  Томатно-острый (50 г),55 |  Сырный (50 г),55 |  Сметанно-чесночный 50 г,55 |  Барбекю (50 г),55 |  Майонез (50 г),55 |  Сметана (50 г),55 |  Кетчуп хайнц (50 г),55 |  Болье (50 г),55 |  Цезарь (50 г),55 |  Хрен столовый (50 г),55 |  Тонкацу (50 г),55 |  Соевый (50 г),55 |  Лук маринованый (50 г),55 |  Тереяки ( 30 г),55 |  Горчица русская (50 г),55 |  Капуста в МАРИНАДЕ(100г),66 |  Гранатовый (50 г),80 |",0,Unset,,\Гарниры\Драники по-деревенски 300 г.JPG
,Гарниры,Картофель гриль.,"Картофель свежий, соль, специи",197,0,21,150,"Уксус 9% (50 г),15 ₽  Капуста в маринаде (50 г),33 ₽  Сметана (50 г),55 ₽  Сметанно-чесночный 50 г,55 ₽  Майонез (50 г),55 ₽  Острый ширача (30 г),55 ₽  Томатно-острый (50 г),55 ₽  Сырный (50 г),55 ₽  Барбекю (50 г),55 ₽  Кетчуп хайнц (50 г),55 ₽  Болье (50 г),55 ₽  Цезарь (50 г),55 ₽  Хрен столовый (50 г),55 ₽  Тонкацу (50 г),55 ₽  Соевый (50 г),55 ₽  Лук маринованый (50 г),55 ₽  Тереяки ( 30 г),55 ₽  Горчица русская (50 г),55 ₽  Капуста в МАРИНАДЕ(100г),66 ₽  Гранатовый (50 г),80 ₽",0,Unset,,\Гарниры\Картофель Гриль 150 г.JPG
,Гарниры,Картошка в фольге ,"Картофель отварной, обжареный в духовке и запеченый в фольге под соусом Болье и сыром Моцарелла",168,,,200,"Уксус 9% (50 г),15 |  Капуста в маринаде (50 г),33 |  Сметана (50 г),55 |  Сметанно-чесночный 50 г,55 |  Майонез (50 г),55 |  Острый ширача (30 г),55 |  Томатно-острый (50 г),55 |  Сырный (50 г),55 |  Барбекю (50 г),55 |  Кетчуп хайнц (50 г),55 |  Болье (50 г),55 |  Цезарь (50 г),55 |  Хрен столовый (50 г),55 |  Тонкацу (50 г),55 |  Соевый (50 г),55 |  Лук маринованый (50 г),55 |  Тереяки ( 30 г),55 |  Горчица русская (50 г),55 |  Капуста в МАРИНАДЕ(100г),66 |  Гранатовый (50 г),80 | ",0,,,\Гарниры\Картошка в Фольге.JPG
,Гарниры,Овощи Гриль ,"Кабачки-цукини, баклажаны, перец болгарский, айзербайджанский томат, специи, соль",197,,,165,"Уксус 9% (50 г),15 |  Капуста в маринаде (50 г),33 |  Сметана (50 г),55 |  Сметанно-чесночный 50 г,55 |  Майонез (50 г),55 |  Острый ширача (30 г),55 |  Томатно-острый (50 г),55 |  Сырный (50 г),55 |  Барбекю (50 г),55 |  Кетчуп хайнц (50 г),55 |  Болье (50 г),55 |  Цезарь (50 г),55 |  Хрен столовый (50 г),55 |  Тонкацу (50 г),55 |  Соевый (50 г),55 |  Лук маринованый (50 г),55 |  Тереяки ( 30 г),55 |  Горчица русская (50 г),55 |  Капуста в МАРИНАДЕ(100г),66 |  Гранатовый (50 г),80 |",0,,,\Гарниры\Овощи Гриль 150 г.JPG
,Гарниры,Рис с овощами ,"Рис краснодарский, лук, морковь",89,,,200,,,,,\Гарниры\рис.jpg
,,,,,,,,,,,,
,,,,,,,,,,,,
,,,,,,,,,,,,
,,,,,,,,,,,,
,,,,,,,,,,,,
,,,,,,,,,,,,
,Напитки,Вода,,84,0,21,500,,0,Unset,,\Напитки\вода.jpg
,Напитки,Минеральная вода Обуховская,,84,0,21,500,,0,Unset,,\Напитки\обуховская.jpg
,Напитки,Кока Кола,,156,0,21,330,,0,Unset,,\Напитки\кола.jpg
,Напитки,Морс Брусничный,"Брусника свежая, клюква свежая, вода питьевая, сахар. Собственного приготовления",330,0,21,1000,,0,Unset,,\Напитки\морс.jpg
,Напитки,Пиво Балтика 0,Без алкогольное пиво,174,0,21,470,,0,Unset,,\Напитки\балтика.webp
,Напитки,Сок,"Соки: Апельсин, Томат, Яблоко, Вишня",320,0,21,1000,"Апельсин, 330| Томат, 330| Вишня, 330| Яблоко, 330|",0,Unset,,\Напитки\meyvesuyu-sjyu.webp
,Напитки,Спрайт,,156,0,21,330,,0,Unset,,\Напитки\спрайт.jpg
,,,,,,,,,,,,
,Поминальный обед,Поминальный обед 1,"С-т Оливье - 100 гр <br>
(ветчина, картофель, морковь, огурец соленый, яйцо, зеленый горошек, лук зеленый, майонез.)
<br><br>
Суп лапша с курицей - 250/10 гр<br>
(бульон куриный натуральный, лапша домашняя, куриное мясо, овощи)
<br><br>
Бифштекс - 80/30 гр<br>
(фарш Домашний, соус Барбекю)
<br><br>
Пюре картофельное 250 гр
<br><br>
Кутья (рис, изюм) - 30 гр
<br><br>
Блинчик - 40 гр
<br><br>
Хлеб 2 шт
<br><br>
Морс брусничный - 200 гр",590,0,21,0,,0,Unset,,\Поминальный обед\resized-pominki_0.jpg
,Поминальный обед,Поминальный обед 2,"С-т Зимний - 100 гр<br>
(говядина отварная, огурцы маринованные, картофель, морковь. майонез, зелень)
<br><br>
Солянка по домашнему - 250/10 гр<br>
(бульон мясной,  ветчина, овощи, томат-паста, зелень)
<br><br>
Гуляш из говядины - 75/50 гр<br>
(говядина б/к,  соус красный основной, овощи, специи)
<br><br>
Пюре картофельное - 250 гр
<br><br>
Кутья (рис, изюм) - 30 гр
<br><br>
Ватрушка с повидлом - 50 гр
(тесто дрожжевое, повидло фруктовое, сахарная пудра)
<br><br>
Хлеб 2 шт
<br><br>
Компот из кураги - 200 гр",640,0,21,0,,0,Unset,,\Поминальный обед\resized-pominki_0.jpg
,Поминальный обед,Поминальный обед 3,"С-т Зимний - 100 гр<br>
(говядина отварная, огурцы маринованные, картофель, морковь. майонез, зелень)
<br><br>
Борщ с говядиной - 250/10 гр<br>
(бульон говяжий, говядина, овощи, зелень)
<br><br>
Поджарка из свинины - 75/25<br>
(свинина не жирная, овощи, соус красный основной, зелень)
<br><br>
Пюре картофельное - 250 гр
<br><br>
Кутья (рис, изюм) - 30 гр
<br><br>
Слойка с повидлом - 50 гр<br>
(слоеное тесто, фруктовое повидло, сахарная пудра)
<br><br>
Хлеб - 2 шт
<br><br>
Морс брусничный 200 гр",620,0,21,0,,0,Unset,,\Поминальный обед\resized-pominki_0.jpg
,Поминальный обед,Поминальный обед 4,"С-т Зимний - 100 гр<br>
(говядина отварная, огурцы маринованные, картофель, морковь. майонез, зелень)
<br><br>
Суп-лапша домашняя с курицей - 250/10 гр<br>
(бульон куриный натуральный, лапша домашняя, куриное мясо, овощи)
<br><br>
Люля-Кебаб из говядины - 90/30 гр<br>
(фарш говяжий,  соус томатный)
<br><br>
Пюре картофельное - 250 гр
<br><br>
Кутья (рис, изюм) - 30 гр
<br><br>
Слойка с повидлом - 50 гр<br>
(слоеное тесто, фруктовое пюре, сахарная пудра)
<br><br>
Хлеб - 2 шт
<br><br>
Морс брусничный - 200 гр",670,0,21,0,,0,Unset,,\Поминальный обед\resized-pominki_0.jpg
,Поминальный обед,Поминальный обед 5,"С-т Зимний - 100 гр. <br>
(говядина отварная, огурцы маринованные, картофель, морковь. майонез, зелень)
<br><br>
Суп Картофельный с вермишелью мясными фрикадельками - 250/10 гр<br>
(бульон куриный натуральный, вермишель яичная, фрикадельки, овощи)
<br><br>
Кебаб из курицы - 110/20 гр<br>
(фарш из филе грудки свиной нежирной шеи,  соус ""Барбекю"")
<br>
Пюре картофельное - 250 гр
<br><br>
Кутья (рис, изюм) - 30 гр
<br><br>
Блинчик - 1шт
(слоеное тесто, фруктовое пюре, сахарная пудра)
<br><br>
Хлеб - 2 шт/n
<br><br>
Компот из кураги - 200 гр",640,0,21,0,"Сметана (50 г),55 |",0,Unset,,\Поминальный обед\resized-pominki_0.jpg
,Пироги,Пирог с картофелем,"тесто дрожжевое, картофель, лук репка, масло сливочное
2 кг",659,0,21,0,,0,Unset,,C:\Users\New\Desktop\Кафе Винтаж версия 9.09.019\Меню Винтаж 2020\пироги\пирог с картофелем.jpg
,Пироги,Пирог с капустой,"тесто дрожжевое, капуста белокачанная, лук репка, яйцо отварное, масло сливочное.
2 кг.",659,0,21,0,,0,Unset,,C:\Users\New\Desktop\Кафе Винтаж версия 9.09.019\Меню Винтаж 2020\пироги\пирог с капустой.jpg
,Пироги,Пирог с картофелем и грибами,"тесто дрожжевое, картофель, грибы шампиньоны, лук репка
1 кг.",604,0,21,0,,0,Unset,,C:\Users\New\Desktop\Кафе Винтаж версия 9.09.019\Меню Винтаж 2020\пироги\пирог с картофелем и грибами.jpg
,Пироги,Кулебяка с мясом,"тесто дрожжевое, фарш Домашний, лук репка, масло сливочное.
0,5 кг",429,0,21,0,,0,Unset,,C:\Users\New\Desktop\Кафе Винтаж версия 9.09.019\Меню Винтаж 2020\пироги\кулебяка с мясом.jpg
,Пироги,Пирог с рыбой,"тесто дрожжевое, филе горбуши, лук репка, масло сливочное
1 кг",635,0,21,0,,0,Unset,,C:\Users\New\Desktop\Кафе Винтаж версия 9.09.019\Меню Винтаж 2020\пироги\пирог с слососем.jpg
,Пироги,Пирог с лососем,"тесто дрожжевое, филе лосося, лук репка, масло сливочное
1 кг",1035,0,21,0,,0,Unset,,C:\Users\New\Desktop\Кафе Винтаж версия 9.09.019\Меню Винтаж 2020\пироги\пирог с слососем.jpg
,Пироги,Пирог с курицей,"тесто дрожжевое, курица, лук репка, масло сливочное
1 кг",535,0,21,0,,0,Unset,,C:\Users\New\Desktop\Кафе Винтаж версия 9.09.019\Меню Винтаж 2020\пироги\пирог с курицей.jpg
,Пироги,Пирог слоёный с яблоками,"тесто слоёное бездрожжевое, яблоки, сахар
1 кг",544,0,21,0,,0,Unset,,C:\Users\New\Desktop\Кафе Винтаж версия 9.09.019\Меню Винтаж 2020\пироги\пирог слоеный с яблоками.jpg
,Пироги,Штрудель яблочно-вишнёвый,"тесто слоёное бездрожжевое, вишня, яблоко, мёд
1 кг",554,0,21,0,,0,Unset,,C:\Users\New\Desktop\Кафе Винтаж версия 9.09.019\Меню Винтаж 2020\пироги\штрудель ябочно-вишневый.jpg
,,,,,,,,,,,,
,,,,,,,,,,,,
,,,,,,,,,,,,
,,,,,,,,,,,,
,Рыба и море продукты,Лосось по –итальянски,"Филе лосося запеченое с томатами и двумя видами сыра, Моцарелла и Фета. Нежный сливочный вкус. Подаем с гарниром, Фрикасе из овощей и сливочно-перечным соусом!",888,0,21,400,"Соус без перца,0 |  Капуста в маринаде (50 г),33 |  Сметана (50 г),55 |  Болье (50 г),55 |  Цезарь (50 г),55 |  Хрен столовый (50 г),55 |  Сырный (50 г),55 |  Сметанно-чесночный 50 г,55 |  Томатно-острый (50 г),55 |  Барбекю (50 г),55 |  Тонкацу (50 г),55 |  Соевый (50 г),55 |  Майонез (50 г),55 |  Кетчуп хайнц (50 г),55 |  Лук маринованый (50 г),55 |  Острый ширача (30 г),55 |  Тереяки ( 30 г),55 |  Горчица русская (50 г),55 |  Капуста в МАРИНАДЕ(100г),66 |  Гранатовый (50 г),80 |",0,Unset,,\Рыбные\Лосось Итальяно меню.jpg
,Рыба и море продукты,Бабочка из лосося,"Филе лосося (используем охлажденную рыбу), соус гранатовый Наршираб, маслина, лодочка лимона",449,0,21,125," Капуста в маринаде (50 г),33 |  Сметана (50 г),55 |  Болье (50 г),55 |  Цезарь (50 г),55 |  Хрен столовый (50 г),55 |  Сырный (50 г),55 |  Сметанно-чесночный 50 г,55 |  Томатно-острый (50 г),55 |  Барбекю (50 г),55 |  Тонкацу (50 г),55 |  Соевый (50 г),55 |  Майонез (50 г),55 |  Кетчуп хайнц (50 г),55 |  Лук маринованый (50 г),55 |  Острый ширача (30 г),55 |  Тереяки ( 30 г),55 |  Горчица русская (50 г),55 |  Капуста в МАРИНАДЕ(100г),66 |  Гранатовый (50 г),80 |",0,Unset,,\Рыбные\Бабочка из лосося 100гр.jpg
,Рыба и море продукты,Креветки Гриль,Тигровые креветки 16/26 ,598,,,100," Капуста в маринаде (50 г),33 |  Сметана (50 г),55 |  Болье (50 г),55 |  Цезарь (50 г),55 |  Хрен столовый (50 г),55 |  Сырный (50 г),55 |  Сметанно-чесночный 50 г,55 |  Томатно-острый (50 г),55 |  Барбекю (50 г),55 |  Тонкацу (50 г),55 |  Соевый (50 г),55 |  Майонез (50 г),55 |  Кетчуп хайнц (50 г),55 |  Лук маринованый (50 г),55 |  Острый ширача (30 г),55 |  Тереяки ( 30 г),55 |  Горчица русская (50 г),55 |  Капуста в МАРИНАДЕ(100г),66 |  Гранатовый (50 г),80 |",0,,,\Рыбные\Креветки Гриль 100г цена 498р.JPG
,Рыба и море продукты,Дранники с лососем,"Драники из свежего картофеля, обжаренные до хрустящей корочки, подаются со слабосоленый лососем засоленный по фирменному рецепту, к драникам подаем сметанно-чесночный соус и украшаем гранатовым соусом Наршираб",449,0,21,244,,0,Unset,,\Гарниры\Драники с лососем.jpeg
,Рыба и море продукты,Лосось с фрикасе,"Филе лосося (испльзуем охлажденную рыбу), капуста цветная, капуста брокколи, перец болгарский, морковь, кунжут, соус гранатовый Наршараб, лимон-лодочка, маслина ",689,,,275," Готовить на пару!,0 | Капуста в маринаде (50 г),33 |  Сметана (50 г),55 |  Болье (50 г),55 |  Цезарь (50 г),55 |  Хрен столовый (50 г),55 |  Сырный (50 г),55 |  Сметанно-чесночный 50 г,55 |  Томатно-острый (50 г),55 |  Барбекю (50 г),55 |  Тонкацу (50 г),55 |  Соевый (50 г),55 |  Майонез (50 г),55 |  Кетчуп хайнц (50 г),55 |  Лук маринованый (50 г),55 |  Острый ширача (30 г),55 |  Тереяки ( 30 г),55 |  Горчица русская (50 г),55 |  Капуста в МАРИНАДЕ(100г),66 |  Гранатовый (50 г),80 |",0,,,\Рыбные\Лосось 100гр с Фрикасе 180гр.jpg
,Рыба и море продукты, Лосось Сицилия,"Филе лосося запеченое с томатами и двумя видами сыра, Моцарелла и Фета, Подаем с соусом гранатовым Наршираб",689,0,21,230,"Рис с овощами (200 г),109 |  Картофель домашний(180 г),159 |  Картофель фри (100 г),167 |  Картофель в фольге (200 г),168 |  Фрикасе из овощей (150 г),177 |  Картофель француз (200 г),179 |  Овощи ПО-ВОСТОЧНОМУ(200г),187 |  Картофель гриль (150 г),197 |  Овощи гриль (150г),197 |  Драники ДЕРЕВЕНСКИЕ(250г),243 |  Драники мюнхен (260 г),271 | Уксус 9% (50 г),15 |  Капуста в маринаде (50 г),33 |  Сметана (50 г),55 |  Болье (50 г),55 |  Цезарь (50 г),55 |  Хрен столовый (50 г),55 |  Сырный (50 г),55 |  Сметанно-чесночный 50 г,55 |  Томатно-острый (50 г),55 |  Барбекю (50 г),55 |  Тонкацу (50 г),55 |  Соевый (50 г),55 |  Майонез (50 г),55 |  Кетчуп хайнц (50 г),55 |  Лук маринованый (50 г),55 |  Острый ширача (30 г),55 |  Тереяки ( 30 г),55 |  Горчица русская (50 г),55 |  Капуста в МАРИНАДЕ(100г),66 |  Гранатовый (50 г),80 |",0,Unset,,\Рыбные\Лосось Сицилия 230гр.jpg
,,,,,,,,"Капуста в маринаде (50 г),33 |",,,,
