ID,CATEGORY,STOPLIST,NAME/CODE,DESCRIPTION,PRICE,ENABLE VAT,VAT VALUE,WEIGHT,OPTIONS,ENABLE DISCOUNT,AVAILABILITY,PENDING,IMAGES
,Пицца,нет,Пицца по-деревенски,"Тесто (лепешка пшеничная собственного приготовления), ветчина из индейки, сыр моцарелла, огурец маринованный, маслины, красный репчатый лук, соус барбекю, майонез оливковый, зелень (29 см)",582,0,21,500,,0,Unset,,\Пицца\Пиица по деревенски 500 г.jpg
,Пицца,нет,Пицца Ассорти,"Тесто (лепешка пшеничная собственного приготовления), соус барбекю, соус цезарь, бекон копчено-вареный, курица копченая, перец болгарский, сыр моцарелла, зелень (29 см)",582,0,21,500,,0,Unset,,\Пицца\Пицца Ассорти 500 г.jpg
,Пицца,нет,Пицца по-домашнему,"Тесто ( лепешка пшеничная собственного приготовления), ветчина из индейки, сыр моцарелла, огурец свежий, помидор, майонез оливковый, соус барбекю, зелень (29 см)тесто, ветчина. сыр Моцарелла, огурец св., помидор, майонез, с-с барбекю, зелень.
500 гр.",582,0,21,520,,0,Unset,,\Пицца\Пицца по-домашнему 500 г.jpg
,Пицца,нет,Пицца Времена года,"Тесто (лепешка пшеничная собственного приготовления), соус Барбекю, ветчина из индейки, сыр моцарелла, шампиньоны жареные, маслины, томат свежий (29 см)",532,0,21,520,,0,Unset,,\Пицца\Пицца Времена года 500 г.jpg
,Пицца,нет,Пицца с курицей,"Тесто (лепешка пшеничная собственного приготовления), соус барбекю, сметана, майонез, перец болгарский, курица копчёная, огурец маринованный, сыр моцарелла.(29 см)",582,0,21,503,,0,Unset,,\Пицца\Пицца с курицей 450 г.jpg
,Пицца,нет,Пицца Баварская,"Тесто (лепешка пшеничная собственного приготовления), колбаса баварская полукопченая, пепперони сырокопченая, ветчина из индейки, шампиньоны жареные, перец болгарский, соус томатный, горчица дижонская, сыр моцарелла, зелень (29 см)",662,0,21,520,,0,Unset,,\Пицца\Пицца Баварская 550 г.jpg
,Пицца,нет,Пицца трио сыров,"Тесто ( лепешка пшеничная собственного приготовления), соус барбекю, сыр пармезан, сыр моцарелла, сыр фета (29 см)",582,0,21,460,,0,Unset,,\Пицца\Пицца Трио сыров 500 г.jpg
,Пицца,нет,Пицца Пеперони,"Тесто (лепешка пшеничная собственного приготовления), пепперони сырокопчёная, соус барбекю, сыр моцарелла (29 см)",532,0,21,440,,0,Unset,,\Пицца\Пицца Пепероне 450г.jpg
,Пицца,нет,Фокачча с кунжутом,"Тесто (лепешка пшеничная), кунжут жареный, зелень, майонез оливковый, (29 см)",312,0,21,290,,0,Unset,,\Пицца\Фокачча с кунжутом 180 г.jpg
,Пицца,нет,Фокачча с помидором,"Тесто (лепешка пшеничная собственного производства), азербайджанский томат, зелень, соус Цезарь, (29 см)Лепешка пшеничная, помидор, зелень, соус Цезарь.",322,0,21,330,"С моцарелло (100 г),119 |",0,Unset,,\Пицца\Фокачча с помидором 200 г.jpg
,Пицца,нет,Пицца с ветчиной и сыром.,"Тесто (лепешка пшеничная собственного приготовления), соус Барбекю, сыр моцарелла, ветчина из индейки, зелень (29 см)",532,0,21,450,,0,Unset,,\Пицца\Пицца с ветчиной и сыром 450 г.jpg
,Пицца,нет,Фокачча с сыром,"Тесто (лепешка пшеничная собственного производства), сыр Моцарелла, зелень, сырный соус (29 см)",339,0,21,330,,0,Unset,,\Пицца\Фокачча с сыром 200 г.jpg
,Пицца,нет,Хлеб черный,"Хлеб черный / белый.
1 шт.",10,0,21,30,,0,Unset,,\Пицца\хлеб.jpg
,Холодные закуски,нет,Мясное ассорти,"Сырокопченая колбаса, бекон полукопчёный, филе курицы полукопчёное, язык говяжий, сервелат полукопченый Черкашин, огурец свежий, зелень",494,0,21,190,"Уксус 9% (50 г),25 |  Капуста в маринаде (50 г), 60 |  Хрен столовый (50 г), 70 |  Сырный (50 г), 70 |  Сметанно-чесночный 50 г, 70 |  Томатно-острый (50 г), 70 |  Барбекю (50 г), 70 |  Сметана (50 г), 70 |  Цезарь (50 г), 70 |  Тонкацу (50 г), 70 |  Болье (50 г), 70 |  Тереяки ( 30 г), 70 |  Соевый (50 г), 70|  Майонез (50 г), 70 |  Кетчуп хайнц (50 г), 70|  Лук маринованый (50 г), 70 |  Острый ширача (30 г), 78 |  Горчица русская (50 г), 70 |  Капуста в МАРИНАДЕ(100г),109 |  Гранатовый (50 г),89 | ",0,Unset,,\Холодные закуски\Мясное Ассорти 240г.jpg
,Холодные закуски,нет,Фруктовая тарелка,"Яблоко, винoград, апельсин, киви",349,0,21,360,"Пудрой не посыпать,0 |",0,Unset,,\Холодные закуски\Фруктовая тарелка 450 г.jpg
,Холодные закуски,нет,Овощное ассорти,"Огурцы свежие, азербайджанский томат, перец болгарский, зелень",229,0,21,190,"Уксус 9% (50 г),25 |  Капуста в маринаде (50 г), 60 |  Хрен столовый (50 г), 70 |  Сырный (50 г), 70 |  Сметанно-чесночный 50 г, 70 |  Томатно-острый (50 г), 70 |  Барбекю (50 г), 70 |  Сметана (50 г), 70 |  Цезарь (50 г), 70 |  Тонкацу (50 г), 70 |  Болье (50 г), 70 |  Тереяки ( 30 г), 70 |  Соевый (50 г), 70|  Майонез (50 г), 70 |  Кетчуп хайнц (50 г), 70|  Лук маринованый (50 г), 70 |  Острый ширача (30 г), 78 |  Горчица русская (50 г), 70 |  Капуста в МАРИНАДЕ(100г),109 |  Гранатовый (50 г),89 | ",0,Unset,,\Холодные закуски\Овощное Ассорти 280 г.jpg
,Холодные закуски,нет,"Сало крученое ""Шик""","Шпик свиной ( крученый), чеснок, соль, зелень. Рекомендуем намазать на блюдо Корочки Ильича и с борщом. Вкуснотища)",117,0,21,50,"Корочки ильча,167 |",0,Unset,,\Холодные закуски\Сало як сало 50 г.jpg
,Холодные закуски,нет,Сырное ассорти,"Сыр Пармезан, сыр Фета, сыр Моцарелла, грецкий орех, винoград, медсыр Пармезан, сыр Фета, сыр Моцарелла, грецкий орех, виноград, мед.",427,0,21,210,,0,Unset,,\Холодные закуски\Сырное ассорти 200г.jpg
,Холодные закуски,нет,Сельдь с гарниром,"Филе сельди слабосоленое, отварной картофель, лук репка маринованный, яйцо, майонез оливковый, зелень",249,0,21,185,,0,Unset,,\Холодные закуски\Сельдь с гарниром 160 г.jpg
,Холодные закуски,нет,Рулетик с лососем,"Лосось слабосоленый, сыр Моцарелла, блины, майонез оливковый, чеснок, зелень, лимон, маслины",327,0,21,155,"Без чеснока,0 |  Лосось (20 г) в рулет,49 |",0,Unset,,\Холодные закуски\Рулетик с лососем 140гр.jpg
,Холодные закуски,нет,Рыбное ассорти,"Лосось слабосолёный, масляная холодного копчения, филе сельди слабосолёное, лимон, маслина, зелень",467,0,21,145,,0,Unset,,\Холодные закуски\Рыбное Ассорти 150 г.jpg
,Холодные закуски,нет,Сельдь под водочку,"Филе сельди слабосоленое, красный маринованный лук, зелень",287,0,21,150," Отварной картофель (100 г),50 |  Лук маринованый (50 г), 70 |",0,Unset,,\Холодные закуски\Сельдь под водочку 150 г.jpg
,Холодные закуски,нет,Русский разносол ,"Огурцы маринованные (маринуем сами), помидоры черри маринованные, капуста маринованная (маринуем сами)",329,,,300,,,,,\Холодные закуски\Русский разносол 300 г.jpg
,Салаты,нет,Салат Цезарь с лососем,"Листья салата, томат черри, соус Цезарь, чесночные сухарики, лосось слабосолёный (собственного посола с морской солью), сыр Пармезан.",467,0,21,240,"Без зелени,0|   Сыр пармезан (10 г),25|   Цезарь (50 г), 70|   Лосось слабосоленый (50 г),117| ",,Unset,,\Салаты\Салат Цезарь с лососем 210г.jpg
,Салаты,нет,Салат Цезарь с креветками,"Листья салата, томат черри, соус Цезарь, чесночные сухари, креветки тигровые, сыр Пармезан",567,0,21,240,"Без зелени, 0 |   Сыр пармезан (10 г), 25 |   Цезарь (50 г), 70 | ",0,Unset,,\Салаты\Салат Цезарь с криветкой.jpg
,Салаты,нет,Салат Бостон,"Язык телячий, курица копченая (грудка), морковь, картофель, огурец маринованный, яйцо, чеснок, сыр пармезан, грецкий орех, зелень, майонез оливковый
230 гр.",349,0,21,255,"Без чеснока, 0 |  ",0,Unset,,\Салаты\Салат Бостон 250 г.jpg
,Салаты,нет,Салат Осенний,"Идеален под шашлык. Маринованная капуста, фирменный рецепт, черри томат, болгарский перец, огурец, зелень",209,0,21,200,,0,Unset,,\Салаты\Салат Осенний 200гр.jpg
,Салаты,нет,Салат Цезарь с курицей,"Листья салата, сухарики чесночные, филе свежеобжаренное куриной грудки, соус Цезарь, сыр Пармезан, томат черри, зелень",348,0,21,230,"Сыр пармезан (10 г), 25 |   Филе грудка (50 г), 53 |   Цезарь (50 г), 70 | ",0,Unset,,\Салаты\Салат Цезарь с курицей 230г.jpg
,Салаты,нет,Салат Венеция,"Салат листовой, креветки тигровые, яйцо, перец болгарский, апельсин, лимон, маслина, зелень, майонез оливковый",557,0,21,241,,0,Unset,,\Салаты\С-т Венеция 220 гр (ЗАМЕНА ФОТОГРАФИИ).jpg
,Салаты,нет,Салат Греческий,"Огурец свежий, томат азербайджанский, маслины, сыр фета, листья салата, перец болгарский, голландский красный лук, соус Греческий",327,0,21,242,"Без заправки, 0 | Без сыра, 0 | Без маслин, 0 | Сыр фета (40 г) в салат, 69 |  ",0,Unset,,\Салаты\Салат Греческий 270г.jpg
,Салаты,нет,Салат Элегия,"Лосось слабосолёный, сыр фета, сыр пармезан, томат айзербайджанский, перец болгарский, салат, картофель, лук красный, сухарики, греческая заправка.",494,0,21,250,"Без сухарей, 0 | Без лука, 0 |  ",0,Unset,,\Салаты\Салат с лососем 240г.jpg
,Салаты,нет,Салат Эби-Эби,"Свеже обжареные тигровые креветки подаем на подушке из свежих овощей и салатов: Перец болгарский, салат листовой, огурец свежий, томат свежий, лук красный, и слегка приправляем гранатовым соусом Наршираб.",567,0,21,250,,0,Unset,,\Салаты\Салат Эби Эби 260г.jpg
,Салаты,нет,Салат Винтажный,"Филе куриной грудки свежеобжаренное и слегка ошпарено соусом Тонкацу собственного приготовления, подаем на подушке из свежих овощей и салатов: перец болгарский, салат листовой, салат пекинский, огурец свежий, айзербайджанский томат, лук красный",427,0,21,280,"Без лука, 0 |  ",0,Unset,,\Салаты\Салат Винтажный 300г.jpg
,Салаты,нет,Салат из свежих овощей,"Огурец свежий, айзербайджанский томат, лук- репка красный, салат зеленый",223,0,21,240,"С маслом (10 г), 0 | С майонезом (30 г), 0 | Со сметаной (30 г), 0 | Без салатов, 0 | Без лука, 0 | Без заправки, 0 | ",0,Unset,,\Салаты\салат помидор огрурец  Доставка.jpg
,Салаты,нет,Салат Вкусняшка,"Мраморная маринованная говядина, микс из листовых салатов, айзербайджанский томат, сухарики белые чесночные, сыр Пармезан, соус Болье (делаем сами)",387,0,21,250,"Сыр пармезан (10 г), 25 | Болье (50 г), 70 |  ",0,Unset,,\Салаты\Салат Вкусняшка 230г.jpg
,Салаты,нет,Салат Охотничий,"Язык говяжий, филе курицы, салат листовой, черри-помидоры, шампиньоны жареные, огурец маринованный, соус Охотничий",377,0,21,240,"Без грибов, 0 | ",0,Unset,,\Салаты\Салат Охотничий 220 г.jpg
,Горячие закуски,нет,Омлет Королевский,"Яйцо, ветчина из индейки, курица копченая, сливочное масло, молоко, томат свежий, лук жареный, сыр Моцарелла",269,0,21,170,"Рис с овощами (200 г), 129| Картофель домашний(180 г), 239| Картофель фри (100 г), 207| Картошка в фольге (200 г), 219| Фрикасе из овощей (150 г), 217| Картофель француз (200 г), 219| Овощи ПО-ВОСТОЧНОМУ(200г), 217| Картофель гриль (150 г), 227| Овощи гриль (150 г), 237| Драники ДЕРЕВЕНСКИЕ(250г), 283| Драники мюнхен (260г), 319|  Уксус 9% (50 г), 15| Капуста в маринаде (50 г), 60| Сметана (50 г), 70| Болье (50 г), 70| Цезарь (50 г), 70| Хрен столовый (50 г), 70|  Сырный (50 г), 70| Сметанно-чесночный 50 г, 70| Томатно-острый (50 г), 70| Барбекю (50 г), 70| Тонкацу (50 г), 70| Соевый (50 г), 60| Майонез (50 г), 70| Кетчуп хайнц (50 г), 70| Лук маринованый (50 г), 70| Острый ширача (30 г), 78| Тереяки ( 30 г), 70| Горчица русская (50 г), 70| Капуста в МАРИНАДЕ(100г), 109| Гранатовый (50 г), 99| Без лука, 0|  ",0,Unset,,\Горячие закуски\Омлет Королевский 170 г.jpg
,Горячие закуски,нет,Яичница из 3х яиц,Яйцо куриное (3 шт.),159,0,21,100,"С луком- репка (30 г), 32| С помидором (50 г), 44| С моцарелло (30 г), 49| С беконом (50 г), 53| Ветчина (50 г), 53|  ",0,Unset,,\Горячие закуски\Яичница из трех яиц 100 г.jpg
,Горячие закуски,нет,Жюльен куриный,"Курица отварная, белые грибы обжаренные до хрустящей корочки, лук репчатый жареный, сливки, сыр Моцарелла, бульон куриный, майонез оливковый",277,0,21,120,"Без лука, 0| Без зелени, 0|  ",0,Unset,,\Горячие закуски\Жульен куриный 120г.jpg
,Горячие закуски,нет,Язык с хреном,"Язык телячий, хрен столовый, зелень",349,0,21,126," Уксус 9% (50 г), 15|   Капуста в маринаде (50 г), 60|   Сметана (50 г), 70|   Болье (50 г), 70|   Цезарь (50 г), 70|   Хрен столовый (50 г), 70|    Сырный (50 г), 70|   Сметанно-чесночный 50 г, 70|   Томатно-острый (50 г), 70|   Барбекю (50 г), 70|   Тонкацу (50 г), 70|   Соевый (50 г), 60|   Майонез (50 г), 70|   Кетчуп хайнц (50 г), 70|   Лук маринованый (50 г), 70|   Острый ширача (30 г), 78|   Тереяки ( 30 г), 70|   Горчица русская (50 г), 70|   Капуста в МАРИНАДЕ(100г), 109|   Гранатовый (50 г), 99| Рис с овощами (200 г), 129|   Картофель домашний(180 г), 239|   Картофель фри (100 г), 207|   Картошка в фольге (200 г), 219|   Фрикасе из овощей (150 г), 217|   Картофель француз (200 г), 219|   Овощи ПО-ВОСТОЧНОМУ(200г), 217|   Картофель гриль (150 г), 227|   Овощи гриль (150 г), 237|   Драники ДЕРЕВЕНСКИЕ(250г), 283|   Драники мюнхен (260г), 319| ",0,Unset,,\Холодные закуски\Язык с хреном 125 г.jpg
,Супы,нет,Суп-пюре Пармантье,Шляпки белых грибов обжаренные на сливочном масле с отварной картошечкой и слегка тушеные в сливках измельченные и взбитые в пышный крем. Можно добавить дополнительно грибов. Подается с чесночными сухариками,327,0,21,320,"Сухарики к супу (30 г), 35 | Белыми грибами (20 г) в суп, 63 |  ",0,Unset,,\Суп\Суп Крем Пармантье 310гр .jpg
,Супы,нет,Солянка сборная мясная,"Говядина мраморная, бульон на говяжьих обжареных косточках, язык говяжий, колбаса полукопчёная, ветчина из индейки, копчености, маринованный огурец,",349,0,21,310,"Без сметаны, 0 | Без зелени, 0 | Сухарики к супу (30 г), 35 | Сметана (50 г), 70 |  ",0,Unset,,\Суп\Солянка сборная мясная 300гр.jpg
,Супы,нет,Бульон куриный с гренками,"Бульон куриный, курица отварная, яйцо, гренки, зелень",239,0,21,315,"Без зелени, 0 | Курица отварная (20 г) в суп, 33 | Сухарики к супу (30 г), 35 |  ",0,Unset,,\Суп\Бульон куриный с яйцом 300 гр.jpg
,Супы,да,Окрошка,"Ветчина из индейки, квас домашний, картофель, огурец, яйцо, сметана, зелень, лук зелёный",249,0,21,340,"Без хрена, 0 | Без горчицы, 0 | Без лука, 0 | Без сметаны, 0 |  ",0,Unset,,\Суп\окрошка.jpg
,Супы,нет,Борщ с говядиной ,"Говядина мраморная отварная (много мяса), бульон на говяжьих косточках, картофель, капуста, морковь, лук, свекла, зелень, сметана",309,0,21,330,"Без сметаны, 0 | Без зелени, 0 | Говядина (20 г), 35 | Сухарики к супу (30 г), 35 | Сметана (50 г), 70 | Сало шик (50 г), 81 |  ",0,Unset,,\Суп\Борщ с говядиной 300гр.jpg
,Супы,нет,Уха с расстегаем,"Бульон рыбный из лосося, филе лосося, филе масляной рыбы холодного копчения, картофель, лук, зелень, подается с расстегаем из филе лосося",349,0,21,380,"Без зелени, 0 | Сухарики к супу (30 г), 35 | Лосось филе (20 г), в уху, 49 | Растегай с лососем (50 г), 49 |  ",0,Unset,,\Суп\Уха с лососем и растегаем 320гр.jpg
,Супы,нет,Сухарики к супу,"Чесночные сухарики из белого батона, чеснок, сливочное и растительное масло, собственного приготовления",35,0,21,30,,0,Unset,,\Суп\Сухарики к супу 50 г.jpg
,Блины,нет,Блинчики с мясом,"Блины, мраморная говядина, шея нежирная, лук репчатый",257,0,21,150," Сметана (50 г), 70 |  Барбекю (50 г), 70 |  Томатно-острый (50 г), 70 |",0,Unset,,\Блины\Блины с мясом 110 г.jpg
,Блины,нет,Блинчики с ветчиной и сыром,"Блины, ветчина из индейки, сыр моцарелла, зелень",249,0,21,250,"Уксус 9% (50 г),25 |  Капуста в маринаде (50 г), 60 |  Сметана (50 г), 70 |  Сметанно-чесночный 50 г, 70 |  Майонез (50 г), 70 |  Соевый (50 г), 70|  Острый ширача (30 г), 78 |  Томатно-острый (50 г), 70 |  Сырный (50 г), 70 |  Тонкацу (50 г), 70 |  Барбекю (50 г), 70 |  Кетчуп хайнц (50 г), 70|  Болье (50 г), 70 |  Цезарь (50 г), 70 |  Хрен столовый (50 г), 70 |  Лук маринованый (50 г), 70 |  Тереяки ( 30 г), 70 |  Горчица русская (50 г), 70 |  Капуста в МАРИНАДЕ(100г),109 |  Гранатовый (50 г),89 | ",0,Unset,,\Блины\Блинчики с ветчиной и сыром 250 г.jpg
,Блины,нет,Блинчики с семгой,"Блины, лосось слабосолёный ( собственного посола с морской солью) лимон, зелень",329,0,21,173,,0,Unset,,\Блины\Блины с семгой доставка.jpg
,Блины,нет,Блинчик к чаю,1 шт.,59,0,21,40,"Сметана (50 г),60 |  Сгущенка (50 г),55 |  Мед (50 г),57 |",0,Unset,,\Блины\Блинчик к чаю 35 г.jpg
,Блюда на углях мясные,нет,Шашлык халяль,"Филе бедра курицы, лук красный маринованный, соус барбекю",437,0,21,250,"Рис с овощами (200 г), 129 |   Картофель домашний(180 г), 239 |   Картофель фри (100 г), 207 |   Картошка в фольге (200 г), 219 |   Фрикасе из овощей (150 г), 217 |   Картофель француз (200 г), 219 |   Овощи ПО-ВОСТОЧНОМУ(200г), 217 |   Картофель гриль (150 г), 227 |   Овощи гриль (150 г), 237 |   Драники ДЕРЕВЕНСКИЕ(250г), 283 |   Драники мюнхен (260г), 319 |  Уксус 9% (50 г), 15 |   Капуста в маринаде (50 г), 60 |   Сметана (50 г), 70 |   Болье (50 г), 70 |   Томатно-острый (50 г), 70 |   Барбекю (50 г), 70 |   Хрен столовый (50 г), 70 |    Сырный (50 г), 70 |   Сметанно-чесночный 50 г, 70 |   Цезарь (50 г), 70 |   Тонкацу (50 г), 70 |   Соевый (50 г), 70|   Майонез (50 г), 70 |   Кетчуп хайнц (50 г), 70 |   Лук маринованый (50 г), 70 |   Острый ширача (30 г), 78 |   Тереяки ( 30 г), 70 |   Горчица русская (50 г), 70 |   Капуста в МАРИНАДЕ(100г), 109 |   Гранатовый (50 г), 99 |",0,Unset,,\Мясные\шашлы без соуса\Шашлык Индейка за 100гр.jpg
,Блюда на углях мясные,нет,Бифштекс из мраморной говядины,"Фарш из мраморной говядины, яйца и лука-репка, обжаренный до золотистой корочки на гриле",369,0,21,250," Уксус 9% (50 г), 15 |   Капуста в маринаде (50 г), 60 |   Сметана (50 г), 70 |   Болье (50 г), 70 |   Цезарь (50 г), 70 |   Хрен столовый (50 г), 70 |   Сырный (50 г), 70 |   Сметанно-чесночный 50 г, 70 |   Томатно-острый (50 г), 70 |   Барбекю (50 г), 70 |   Тонкацу (50 г), 70 |   Соевый (50 г), 70|   Майонез (50 г), 70 |   Кетчуп хайнц (50 г), 70 |   Лук маринованый (50 г), 70 |   Острый ширача (30 г), 78 |   Горчица русская (50 г), 70 |   Тереяки ( 30 г), 70 |   Капуста в МАРИНАДЕ(100г), 109 |   Гранатовый (50 г), 99 |  Рис с овощами (200 г), 129 |   Картофель домашний(180 г), 239 |   Картофель фри (100 г), 207 |   Картошка в фольге (200 г), 219 |   Фрикасе из овощей (150 г), 217 |   Картофель француз (200 г), 219 |   Овощи ПО-ВОСТОЧНОМУ(200г), 217 |   Картофель гриль (150 г), 227 |   Овощи гриль (150 г), 237 |   Драники ДЕРЕВЕНСКИЕ(250г), 283 |   Драники мюнхен (260г), 319 | ",0,Unset,,\Мясные\Бифштекс натурально-рубленый 150 г.jpg
,Блюда на углях мясные,нет,Ассорти из шашлыков,"Нежнейшая говяжья вырезка (100 г), вырезка свиная (100 г) не жирная, филе бедра куриное (100 г), все обжаривается на мангале и подаем соус Барбекю",999,0,21,350,"Рис с овощами (200 г), 129 | Картофель домашний(180 г), 239 | Картофель фри (100 г), 207 | Картошка в фольге (200 г), 219 | Фрикасе из овощей (150 г), 217 | Картофель француз (200 г), 219 | Овощи ПО-ВОСТОЧНОМУ(200г), 217 | Картофель гриль (150 г), 227 | Овощи гриль (150 г), 237 | Драники ДЕРЕВЕНСКИЕ(250г), 283 | Драники мюнхен (260г), 319 |  Уксус 9% (50 г), 15 | Капуста в маринаде (50 г), 60 | Сметана (50 г), 70 | Болье (50 г), 70 | Томатно-острый (50 г), 70 | Барбекю (50 г), 70 | Хрен столовый (50 г), 70 |  Сырный (50 г), 70 | Сметанно-чесночный 50 г, 70 | Цезарь (50 г), 70 | Тонкацу (50 г), 70 | Соевый (50 г), 70| Майонез (50 г), 70 | Кетчуп хайнц (50 г), 70 | Лук маринованый (50 г), 70 | Острый ширача (30 г), 78 | Тереяки ( 30 г), 70 | Горчица русская (50 г), 70 | Капуста в МАРИНАДЕ(100г), 109 | Гранатовый (50 г), 99 | ",0,Unset,,\Мясные\Ассорти из шашлыков 300 г.jpg
,Блюда на углях мясные,нет,Шашлык из говядины,"Нежнейшая говяжья вырезка слегка маринованая с кавказкими специями и обжареная на гриле, подаем с красным маринованным луком и томатно-острым соусом",899,0,21,250,"  Уксус 9% (50 г), 15 |   Капуста в маринаде (50 г), 60 |   Сметана (50 г), 70 |   Болье (50 г), 70 |   Цезарь (50 г), 70 |   Хрен столовый (50 г), 70 |    Сырный (50 г), 70 |   Сметанно-чесночный 50 г, 70 |   Томатно-острый (50 г), 70 |   Барбекю (50 г), 70 |   Тонкацу (50 г), 70 |   Соевый (50 г), 70|   Майонез (50 г), 70 |   Кетчуп хайнц (50 г), 70 |   Лук маринованый (50 г), 70 |   Острый ширача (30 г), 78 |   Горчица русская (50 г), 70 |   Тереяки ( 30 г), 70 |   Капуста в МАРИНАДЕ(100г), 109 |   Гранатовый (50 г), 99 |  Рис с овощами (200 г), 129 |   Картофель домашний(180 г), 239 |   Картофель фри (100 г), 207 |   Картошка в фольге (200 г), 219 |   Фрикасе из овощей (150 г), 217 |   Картофель француз (200 г), 219 |   Овощи ПО-ВОСТОЧНОМУ(200г), 217 |   Картофель гриль (150 г), 227 |   Овощи гриль (150 г), 237 |   Драники ДЕРЕВЕНСКИЕ(250г), 283 |   Драники мюнхен (260г), 319 | ",0,Unset,,\Мясные\шашлы без соуса\Шашлык из говядины за 100гр.jpg
,Блюда на углях мясные,нет,Шашлык из свиной вырезки,"Свиная нежная вырезка, маринованная по фирменному рецепту. Приготовленная на углях. Подается с соусом барбекю и маринованной капустой
",499,0,21,250," Уксус 9% (50 г), 15 |   Капуста в маринаде (50 г), 60 |   Сметана (50 г), 70 |   Болье (50 г), 70 |   Цезарь (50 г), 70 |   Хрен столовый (50 г), 70 |    Сырный (50 г), 70 |   Сметанно-чесночный 50 г, 70 |   Томатно-острый (50 г), 70 |   Барбекю (50 г), 70 |   Тонкацу (50 г), 70 |   Соевый (50 г), 70|   Майонез (50 г), 70 |   Кетчуп хайнц (50 г), 70 |   Лук маринованый (50 г), 70 |   Острый ширача (30 г), 78 |   Горчица русская (50 г), 70 |   Тереяки ( 30 г), 70 |   Капуста в МАРИНАДЕ(100г), 109 |   Гранатовый (50 г), 99 |  Рис с овощами (200 г), 129 |   Картофель домашний(180 г), 239 |   Картофель фри (100 г), 207 |   Картошка в фольге (200 г), 219 |   Фрикасе из овощей (150 г), 217 |   Картофель француз (200 г), 219 |   Овощи ПО-ВОСТОЧНОМУ(200г), 217 |   Картофель гриль (150 г), 227 |   Овощи гриль (150 г), 237 |   Драники ДЕРЕВЕНСКИЕ(250г), 283 |   Драники мюнхен (260г), 319 | ",0,Unset,,\Мясные\Шашлык из свиной  вырезки 350 гр.jpg
,на углях мясные,нет,Шейка BBQ,"Шея свиная нежирная, картофель фри, соус Барбекю, капуста маринованная",555,0,21,350," Уксус 9% (50 г), 15 |   Капуста в маринаде (50 г), 60 |   Сметана (50 г), 70 |   Болье (50 г), 70 |   Цезарь (50 г), 70 |   Хрен столовый (50 г), 70 |    Сырный (50 г), 70 |   Сметанно-чесночный 50 г, 70 |   Томатно-острый (50 г), 70 |   Барбекю (50 г), 70 |   Тонкацу (50 г), 70 |   Соевый (50 г), 70|   Майонез (50 г), 70 |   Кетчуп хайнц (50 г), 70 |   Лук маринованый (50 г), 70 |   Острый ширача (30 г), 78 |   Горчица русская (50 г), 70 |   Тереяки ( 30 г), 70 |   Капуста в МАРИНАДЕ(100г), 109 |   Гранатовый (50 г), 99 |  Рис с овощами (200 г), 129 |   Картофель домашний(180 г), 239 |   Картофель фри (100 г), 207 |   Картошка в фольге (200 г), 219 |   Фрикасе из овощей (150 г), 217 |   Картофель француз (200 г), 219 |   Овощи ПО-ВОСТОЧНОМУ(200г), 217 |   Картофель гриль (150 г), 227 |   Овощи гриль (150 г), 237 |   Драники ДЕРЕВЕНСКИЕ(250г), 283 |   Драники мюнхен (260г), 319 | ",0,Unset,,\Мясные\Стейк Шея 210гр Фри 100гр.jpg
,Блюда на углях мясные,нет,Куриные крылья гриль,"Куриное крыло, специи, соус Томатно-острый",528,0,21,450," Уксус 9% (50 г), 15 |   Капуста в маринаде (50 г), 60 |   Сметана (50 г), 70 |   Болье (50 г), 70 |   Цезарь (50 г), 70 |   Хрен столовый (50 г), 70 |    Сырный (50 г), 70 |   Сметанно-чесночный 50 г, 70 |   Томатно-острый (50 г), 70 |   Барбекю (50 г), 70 |   Тонкацу (50 г), 70 |   Соевый (50 г), 70|   Майонез (50 г), 70 |   Кетчуп хайнц (50 г), 70 |   Лук маринованый (50 г), 70 |   Острый ширача (30 г), 78 |   Горчица русская (50 г), 70 |   Тереяки ( 30 г), 70 |   Капуста в МАРИНАДЕ(100г), 109 |   Гранатовый (50 г), 99 |  Рис с овощами (200 г), 129 |   Картофель домашний(180 г), 239 |   Картофель фри (100 г), 207 |   Картошка в фольге (200 г), 219 |   Фрикасе из овощей (150 г), 217 |   Картофель француз (200 г), 219 |   Овощи ПО-ВОСТОЧНОМУ(200г), 217 |   Картофель гриль (150 г), 227 |   Овощи гриль (150 г), 237 |   Драники ДЕРЕВЕНСКИЕ(250г), 283 |   Драники мюнхен (260г), 319 | ",0,Unset,,\Мясные\Куриные крылья гриль 400г.jpg
,Блюда на углях мясные,нет,Кебаб по-домашнему ,"Шея свиная нежирная, мраморная говядина, лук-репка, специи, томатно-острый соус, маринованная капуста",373,0,21,300,"Рис с овощами (200 г), 139 |  Картофель домашний(180 г), 239 |  Картофель фри (100 г), 207 |  Картошка в фольге (200 г), 219 |  Фрикасе из овощей (150 г), 217 |  Картофель француз (200 г), 219 |  Овощи ПО-ВОСТОЧНОМУ(200г), 217 |  Картофель гриль (150 г), 227 |  Овощи гриль (150 г), 237 |  Драники ДЕРЕВЕНСКИЕ(250г), 283 |  Драники мюнхен (260г), 319 | Уксус 9% (50 г),25 |  Капуста в маринаде (50 г), 60 |  Сметана (50 г), 70 |  Болье (50 г), 70 |  Томатно-острый (50 г), 70 |  Барбекю (50 г), 70 |  Хрен столовый (50 г), 70 |  Сырный (50 г), 70 |  Сметанно-чесночный 50 г, 70 |  Цезарь (50 г), 70 |  Тонкацу (50 г), 70 |  Соевый (50 г), 70|  Майонез (50 г), 70 |  Кетчуп хайнц (50 г), 70|  Лук маринованый (50 г), 70 |  Острый ширача (30 г), 78 |  Тереяки ( 30 г), 70 |  Горчица русская (50 г), 70 |  Капуста в МАРИНАДЕ(100г),109 |  Гранатовый (50 г),89 | ",0,Unset,,\Мясные\Люля-Кебаб 280г.jpg
,Блюда на углях мясные,нет,Шашлык Француз,"Филе бедра курицы маринованное, картофель по-французски, соус томатный, капуста маринованная",519,0,21,450," Уксус 9% (50 г), 15 |   Капуста в маринаде (50 г), 60 |   Сметана (50 г), 70 |   Болье (50 г), 70 |   Цезарь (50 г), 70 |   Хрен столовый (50 г), 70 |    Сырный (50 г), 70 |   Сметанно-чесночный 50 г, 70 |   Томатно-острый (50 г), 70 |   Барбекю (50 г), 70 |   Тонкацу (50 г), 70 |   Соевый (50 г), 70|   Майонез (50 г), 70 |   Кетчуп хайнц (50 г), 70 |   Лук маринованый (50 г), 70 |   Острый ширача (30 г), 78 |   Горчица русская (50 г), 70 |   Тереяки ( 30 г), 70 |   Капуста в МАРИНАДЕ(100г), 109 |   Гранатовый (50 г), 99 |  Рис с овощами (200 г), 129 |   Картофель домашний(180 г), 239 |   Картофель фри (100 г), 207 |   Картошка в фольге (200 г), 219 |   Фрикасе из овощей (150 г), 217 |   Картофель француз (200 г), 219 |   Овощи ПО-ВОСТОЧНОМУ(200г), 217 |   Картофель гриль (150 г), 227 |   Овощи гриль (150 г), 237 |   Драники ДЕРЕВЕНСКИЕ(250г), 283 |   Драники мюнхен (260г), 319 | ",0,Unset,,\Мясные\Шашлык Куриный 500г.jpg
,Блюда,нет,Люля кебаб из говядины,"Мраморная говядина, филе куриного бедра, лук репчатый, специи, соус Томатный острый, маринованная капуста. Блюдо Халяль",359,0,21,300," Уксус 9% (50 г), 15 |   Капуста в маринаде (50 г), 60 |   Сметана (50 г), 70 |   Болье (50 г), 70 |   Цезарь (50 г), 70 |   Хрен столовый (50 г), 70 |    Сырный (50 г), 70 |   Сметанно-чесночный 50 г, 70 |   Томатно-острый (50 г), 70 |   Барбекю (50 г), 70 |   Тонкацу (50 г), 70 |   Соевый (50 г), 70|   Майонез (50 г), 70 |   Кетчуп хайнц (50 г), 70 |   Лук маринованый (50 г), 70 |   Острый ширача (30 г), 78 |   Горчица русская (50 г), 70 |   Тереяки ( 30 г), 70 |   Капуста в МАРИНАДЕ(100г), 109 |   Гранатовый (50 г), 99 |  Рис с овощами (200 г), 129 |   Картофель домашний(180 г), 239 |   Картофель фри (100 г), 207 |   Картошка в фольге (200 г), 219 |   Фрикасе из овощей (150 г), 217 |   Картофель француз (200 г), 219 |   Овощи ПО-ВОСТОЧНОМУ(200г), 217 |   Картофель гриль (150 г), 227 |   Овощи гриль (150 г), 237 |   Драники ДЕРЕВЕНСКИЕ(250г), 283 |   Драники мюнхен (260г), 319 | ",0,Unset,,"\Мясные\1 Люля-Кебаб из говядины 180 ;50;50 (говядина, кура,лук,специи).jpg"
,Блюда на углях мясные,нет,Кебаб из курицы,"Фарш из куриной грудки и свиной нежирной шеи с добавление специй и лука-репки, обжареный до золотистой корочке на открытом огне. Подается с соусом Барбекю и красным маринованным луком",353,0,21,310," Уксус 9% (50 г), 15 |   Капуста в маринаде (50 г), 60 |   Сметана (50 г), 70 |   Болье (50 г), 70 |   Цезарь (50 г), 70 |   Хрен столовый (50 г), 70 |    Сырный (50 г), 70 |   Сметанно-чесночный 50 г, 70 |   Томатно-острый (50 г), 70 |   Барбекю (50 г), 70 |   Тонкацу (50 г), 70 |   Соевый (50 г), 70|   Майонез (50 г), 70 |   Кетчуп хайнц (50 г), 70 |   Лук маринованый (50 г), 70 |   Острый ширача (30 г), 78 |   Горчица русская (50 г), 70 |   Тереяки ( 30 г), 70 |   Капуста в МАРИНАДЕ(100г), 109 |   Гранатовый (50 г), 99 |  Рис с овощами (200 г), 129 |   Картофель домашний(180 г), 239 |   Картофель фри (100 г), 207 |   Картошка в фольге (200 г), 219 |   Фрикасе из овощей (150 г), 217 |   Картофель француз (200 г), 219 |   Овощи ПО-ВОСТОЧНОМУ(200г), 217 |   Картофель гриль (150 г), 227 |   Овощи гриль (150 г), 237 |   Драники ДЕРЕВЕНСКИЕ(250г), 283 |   Драники мюнхен (260г), 319 | ",0,Unset,,\Мясные\Кебаб из курицы 320гр.jpg
,На компанию,нет,Мясная тарелка,"Шашлык из свиной вырезки (400 г) шашлык из нежной говяжей вырезки (100 г), шашлык из филе бедра курицы без кости (200 г), кебаб по-домашнему (180 г), крылья куриные маринованные (200 г), подается с двумя видами соусов, томатный острый и сметанно-чесночный",2899,0,21,1160,"Рис с овощами (200 г), 139 |  Картофель домашний(180 г), 239 |  Картофель фри (100 г), 207 |  Картошка в фольге (200 г), 219 |  Фрикасе из овощей (150 г), 217 |  Картофель француз (200 г), 219 |  Овощи ПО-ВОСТОЧНОМУ(200г), 217 |  Картофель гриль (150 г), 227 |  Овощи гриль (150 г), 237 |  Драники ДЕРЕВЕНСКИЕ(250г), 283 |  Драники мюнхен (260г), 319 | Уксус 9% (50 г),25 |  Капуста в маринаде (50 г), 60 |  Сметана (50 г), 70 |  Болье (50 г), 70 |  Томатно-острый (50 г), 70 |  Барбекю (50 г), 70 |  Хрен столовый (50 г), 70 |  Сырный (50 г), 70 |  Сметанно-чесночный 50 г, 70 |  Цезарь (50 г), 70 |  Тонкацу (50 г), 70 |  Соевый (50 г), 70|  Майонез (50 г), 70 |  Кетчуп хайнц (50 г), 70|  Лук маринованый (50 г), 70 |  Острый ширача (30 г), 78 |  Тереяки ( 30 г), 70 |  Горчица русская (50 г), 70 |  Капуста в МАРИНАДЕ(100г),109 |  Гранатовый (50 г),89 | ",0,Unset,,\Мясные\Мясная тарелка 980г.jpg
,На компанию,нет,Сэт Эгоист,"Нежнейшая говяжья вырезка( 100 г), филе куриного бедра (200 г) без кожи и костей маринованные по фирменному рецепту и обжареные на угллях до золотистой корочки и только под заказ, подается с маринованным красным луком и средне-остым томатным соусом",987,0,21,350,"Рис с овощами (200 г), 139 |  Картофель домашний(180 г), 239 |  Картофель фри (100 г), 207 |  Картошка в фольге (200 г), 219 |  Фрикасе из овощей (150 г), 217 |  Картофель француз (200 г), 219 |  Овощи ПО-ВОСТОЧНОМУ(200г), 217 |  Картофель гриль (150 г), 227 |  Овощи гриль (150 г), 237 |  Драники ДЕРЕВЕНСКИЕ(250г), 283 |  Драники мюнхен (260г), 319 | Уксус 9% (50 г),25 |  Капуста в маринаде (50 г), 60 |  Сметана (50 г), 70 |  Болье (50 г), 70 |  Томатно-острый (50 г), 70 |  Барбекю (50 г), 70 |  Хрен столовый (50 г), 70 |  Сырный (50 г), 70 |  Сметанно-чесночный 50 г, 70 |  Цезарь (50 г), 70 |  Тонкацу (50 г), 70 |  Соевый (50 г), 70|  Майонез (50 г), 70 |  Кетчуп хайнц (50 г), 70|  Лук маринованый (50 г), 70 |  Острый ширача (30 г), 78 |  Тереяки ( 30 г), 70 |  Горчица русская (50 г), 70 |  Капуста в МАРИНАДЕ(100г),109 |  Гранатовый (50 г),89 | ",0,Unset,,\Мясные\Сэт Эгоист 400гр.jpg
,На компанию,нет,Сэт Гурман,"Вырезка свиная не жирная, нежнейшая говяжья вырезка, филе бедра курицы без кости, кебаб из говядина-свинина, кебаб из курицы, подается с тремя видами гарниров, овощи гриль, картошечка фри, фрикасе из овощей и соус барбекю, соус сметанно-чесночный",2899,0,21,1350,"Рис с овощами (200 г), 139 |  Картофель домашний(180 г), 239 |  Картофель фри (100 г), 207 |  Картошка в фольге (200 г), 219 |  Фрикасе из овощей (150 г), 217 |  Картофель француз (200 г), 219 |  Овощи ПО-ВОСТОЧНОМУ(200г), 217 |  Картофель гриль (150 г), 227 |  Овощи гриль (150 г), 237 |  Драники ДЕРЕВЕНСКИЕ(250г), 283 |  Драники мюнхен (260г), 319 | Уксус 9% (50 г),25 |  Капуста в маринаде (50 г), 60 |  Сметана (50 г), 70 |  Болье (50 г), 70 |  Томатно-острый (50 г), 70 |  Барбекю (50 г), 70 |  Хрен столовый (50 г), 70 |  Сырный (50 г), 70 |  Сметанно-чесночный 50 г, 70 |  Цезарь (50 г), 70 |  Тонкацу (50 г), 70 |  Соевый (50 г), 70|  Майонез (50 г), 70 |  Кетчуп хайнц (50 г), 70|  Лук маринованый (50 г), 70 |  Острый ширача (30 г), 78 |  Тереяки ( 30 г), 70 |  Горчица русская (50 г), 70 |  Капуста в МАРИНАДЕ(100г),109 |  Гранатовый (50 г),89 | ",0,Unset,,\Мясные\Сэт Гурман 1460гр.jpg
,На компанию,нет,Ассорти из Кебаб,"Люля кебаб по домашнему, приготовленый из рубленой мраморной говядины и свиного окорока: Люля кебаб из курицы приготовлен из рубленого филе куриного бедра и свиной вырезки. Подается с соусом барбекю и маринованной капустой все приготовлено по фирменным рецептам",669,0,21,500,"Рис с овощами (200 г), 139 |  Картофель домашний(180 г), 239 |  Картофель фри (100 г), 207 |  Картошка в фольге (200 г), 219 |  Фрикасе из овощей (150 г), 217 |  Картофель француз (200 г), 219 |  Овощи ПО-ВОСТОЧНОМУ(200г), 217 |  Картофель гриль (150 г), 227 |  Овощи гриль (150 г), 237 |  Драники ДЕРЕВЕНСКИЕ(250г), 283 |  Драники мюнхен (260г), 319 | Уксус 9% (50 г),25 |  Капуста в маринаде (50 г), 60 |  Сметана (50 г), 70 |  Болье (50 г), 70 |  Томатно-острый (50 г), 70 |  Барбекю (50 г), 70 |  Хрен столовый (50 г), 70 |  Сырный (50 г), 70 |  Сметанно-чесночный 50 г, 70 |  Цезарь (50 г), 70 |  Тонкацу (50 г), 70 |  Соевый (50 г), 70|  Майонез (50 г), 70 |  Кетчуп хайнц (50 г), 70|  Лук маринованый (50 г), 70 |  Острый ширача (30 г), 78 |  Тереяки ( 30 г), 70 |  Горчица русская (50 г), 70 |  Капуста в МАРИНАДЕ(100г),109 |  Гранатовый (50 г),89 | ",0,Unset,,\Мясные\Ассорти из Люля-кебаб 500гр (2).jpg
,На компанию,нет,Пивная тарелка,"Сырные палочки из Моцареллы, луковые кольца, корочки Ильича, куриные крылья фри, соус Болье, соус Томатно-острый (для компании под пенное)",887,0,21,580,,0,Unset,,\Закуски к пиву\пивная тарелка.jpg
,На компанию,нет,Тарелка мяса на троих,"Нежнейшая свиная вырезка, чистое филе куриного бедра, соус томатно-острый, соус сметанно-чесночный",2899,0,21,1150,"Рис с овощами (200 г), 139 |  Картофель домашний(180 г), 239 |  Картофель фри (100 г), 207 |  Картошка в фольге (200 г), 219 |  Фрикасе из овощей (150 г), 217 |  Картофель француз (200 г), 219 |  Овощи ПО-ВОСТОЧНОМУ(200г), 217 |  Картофель гриль (150 г), 227 |  Овощи гриль (150 г), 237 |  Драники ДЕРЕВЕНСКИЕ(250г), 283 |  Драники мюнхен (260г), 319 | Уксус 9% (50 г),25 |  Капуста в маринаде (50 г), 60 |  Сметана (50 г), 70 |  Болье (50 г), 70 |  Томатно-острый (50 г), 70 |  Барбекю (50 г), 70 |  Хрен столовый (50 г), 70 |  Сырный (50 г), 70 |  Сметанно-чесночный 50 г, 70 |  Цезарь (50 г), 70 |  Тонкацу (50 г), 70 |  Соевый (50 г), 70|  Майонез (50 г), 70 |  Кетчуп хайнц (50 г), 70|  Лук маринованый (50 г), 70 |  Острый ширача (30 г), 78 |  Тереяки ( 30 г), 70 |  Горчица русская (50 г), 70 |  Капуста в МАРИНАДЕ(100г),109 |  Гранатовый (50 г),89 | ",0,Unset,,"\Мясные\Тарелка мяса на троих1,0кг.jpg"
,,нет,,,,,,,,,,,
,Соуса,нет,Соус болье,"Майонез оливковый, лук - репка красный, огурец маринованный",70,0,21,50,,0,Unset,,\Соуса\Соус Болье 50 г.jpg
,Соуса,нет,Соус Барбекю,"Томатный соус, лук репка, мед, соевый соус, чеснок",70,0,21,50,,0,Unset,,\Соуса\Соус Барбекю 50 г.jpg
,Соуса,нет,Соус Тонкацу,"Кетчуп Хайнц, соус Уорчестер, соевый соус, специи (собственного приготовления кисло-сладкий)",70,0,21,50,,0,Unset,,\Соуса\Соус Гранатовый 50 г.jpg
,Соуса,нет,Соус томатный - острый,"Томатный соус, чеснок, перец чили. (средне острый)",70,0,21,50,,0,Unset,,\Соуса\Острый томатный соус 50 г.jpg
,Соуса,нет,Соус майонез,Майонез оливковый Слобода,70,0,21,50,,0,Unset,,\Соуса\Майонез 50 г.jpg
,Соуса,нет,Горчица Русская,Горчица Русская (острая),70,0,21,50,,0,Unset,,\Соуса\горчица.jpg
,Соуса,нет,Гранатовый соус,Соус гранатовый Наршараб,99,0,21,50,,0,Unset,,\Соуса\Соус Гранатовый 50 г.jpg
,Соуса,нет,Лук маринованный,"Лук-репка красный, уксус 9%, сахар, соль",70,0,21,50,,0,Unset,,\Соуса\Лук маринованный 50 г.jpg
,Соуса,нет,Сметана,Сметана,70,0,21,50,,0,Unset,,\Соуса\Майонез 50 г.jpg
,Соуса,нет,Сырный соус,Сырный соус Хайнц,70,0,21,50,,0,Unset,,\Соуса\Соус Сырный 50 г.jpg
,Соуса,нет,Соус Соевый,Соус Соевый,70,,,50,,,,,\Соуса\Соус Гранатовый 50 г.jpg
,Соуса,нет,Кетчуп Хайнц,Соуса,70,,,50,,,,,\Соуса\Острый томатный соус 50 г.jpg
,Соуса,нет,Соус Ширача,Соус Ширача ,78,,,50,,,,,\Соуса\Острый томатный соус 50 г.jpg
,Соуса,нет,Соус Цезарь,"Сливки 33%, майонез оливковый, чеснок, соевый соус, специи",70,,,50,,,,,\Соуса\Майонез 50 г.jpg
,Соуса,нет,Соус Сметанно - чесночный ,"Сметана, чеснок, петрушка ",70,,,50,,,,,\Соуса\Майонез 50 г.jpg
,Соуса,нет,Хрен Столовый ,Хрен Столовый ,70,,,50,,,,,\Соуса\хрен.jpg
,Мясные блюда,нет,Телятина Винтаж,"Медальоны из нежнейшей говяжей вырезки, слегка отбитые, обжареные на сковородочке и слегка смазанная французкой Дижонской горчицой и тушиться в сливках, с добавлением шляпок белых грибов и вишни без косточки. Фирменное блюдо",529,0,21,200,"Без вишни,0 |  Без грибов,0 | Рис с овощами (200 г), 139 |  Картофель домашний(180 г), 239 |  Картофель фри (100 г), 207 |  Картошка в фольге (200 г), 219 |  Фрикасе из овощей (150 г), 217 |  Картофель француз (200 г), 219 |  Овощи ПО-ВОСТОЧНОМУ(200г), 217 |  Картофель гриль (150 г), 227 |  Овощи гриль (150 г), 237 |  Драники ДЕРЕВЕНСКИЕ(250г), 283 |  Драники мюнхен (260г), 319 | 5  Уксус 9% (50 г),25 |  Капуста в маринаде (50 г), 60 |  Сметана (50 г), 70 |  Болье (50 г), 70 |  Цезарь (50 г), 70 |  Хрен столовый (50 г), 70 |  Сырный (50 г), 70 |  Сметанно-чесночный 50 г, 70 |  Томатно-острый (50 г), 70 |  Барбекю (50 г), 70 |  Тонкацу (50 г), 70 |  Соевый (50 г), 70|  Майонез (50 г), 70 |  Кетчуп хайнц (50 г), 70|  Лук маринованый (50 г), 70 |  Острый ширача (30 г), 78 |  Тереяки ( 30 г), 70 |  Горчица русская (50 г), 70 |  Капуста в МАРИНАДЕ(100г),109 |  Гранатовый (50 г),89 |",0,Unset,,\Мясные\Телятина Винтаж 200г.jpg
,Мясные блюда,нет,Телятина Оригинальная,"Вырезка говяжья, бекон копчено-вареный, картофель фри, соус Цезарь, соус Тонкацу, сыр Моцарелла",547,0,21,230," Капуста в маринаде (50 г), 60 |  Сметана (50 г), 70 |  Болье (50 г), 70 |  Цезарь (50 г), 70 |  Хрен столовый (50 г), 70 |  Сырный (50 г), 70 |  Сметанно-чесночный 50 г, 70 |  Томатно-острый (50 г), 70 |  Барбекю (50 г), 70 |  Тонкацу (50 г), 70 |  Соевый (50 г), 70|  Майонез (50 г), 70 |  Кетчуп хайнц (50 г), 70|  Лук маринованый (50 г), 70 |  Острый ширача (30 г), 78 |  Тереяки ( 30 г), 70 |  Горчица русская (50 г), 70 |  Капуста в МАРИНАДЕ(100г),109 |  Гранатовый (50 г),89 |",0,Unset,,\Мясные\Телятина Оригинальная 220г.jpg
,Мясные блюда,нет,Грудка Каччиаторе,"Куриное филе обжареное на сковороде гриль, слегка смазанное соусом Цезарь и запеченое с маринованными огруцами собственного посола и айзербайджанскими томатами под двумя видами сыра Моцарелла и Фета. При подаче украшена нашим фирменным соусом Тонкацу",422,0,21,200,"Рис с овощами (200 г), 139 |  Картофель домашний(180 г), 239 |  Картофель фри (100 г), 207 |  Картошка в фольге (200 г), 219 |  Фрикасе из овощей (150 г), 217 |  Картофель француз (200 г), 219 |  Овощи ПО-ВОСТОЧНОМУ(200г), 217 |  Картофель гриль (150 г), 227 |  Овощи гриль (150 г), 237 |  Драники ДЕРЕВЕНСКИЕ(250г), 283 |  Драники мюнхен (260г), 319 | Уксус 9% (50 г),25 |  Капуста в маринаде (50 г), 60 |  Сметана (50 г), 70 |  Болье (50 г), 70 |  Томатно-острый (50 г), 70 |  Барбекю (50 г), 70 |  Хрен столовый (50 г), 70 |  Сырный (50 г), 70 |  Сметанно-чесночный 50 г, 70 |  Цезарь (50 г), 70 |  Тонкацу (50 г), 70 |  Соевый (50 г), 70|  Майонез (50 г), 70 |  Кетчуп хайнц (50 г), 70|  Лук маринованый (50 г), 70 |  Острый ширача (30 г), 78 |  Тереяки ( 30 г), 70 |  Горчица русская (50 г), 70 |  Капуста в МАРИНАДЕ(100г),109 |  Гранатовый (50 г),89 | ",0,Unset,,\Мясные\Грудка Каччиаторе.jpg
,Мясные блюда,нет,Эскалоп по-цыгански,"Вырезка свиная, яйцо, ветчина из индейки, сухари панко, майонез оливковый, сыр моцарелла, зелень, айзербайджанский томат, капуста маринованная",439,0,21,285," Капуста в маринаде (50 г), 60 |  Сметана (50 г), 70 |  Болье (50 г), 70 |  Цезарь (50 г), 70 |  Хрен столовый (50 г), 70 |  Сырный (50 г), 70 |  Сметанно-чесночный 50 г, 70 |  Томатно-острый (50 г), 70 |  Барбекю (50 г), 70 |  Тонкацу (50 г), 70 |  Соевый (50 г), 70|  Майонез (50 г), 70 |  Кетчуп хайнц (50 г), 70|  Лук маринованый (50 г), 70 |  Острый ширача (30 г), 78 |  Тереяки ( 30 г), 70 |  Горчица русская (50 г), 70 |  Капуста в МАРИНАДЕ(100г),109 |  Гранатовый (50 г),89 |",0,Unset,,\Мясные\Эскалоп по-цыгански 320г.jpg
,Мясные блюда,нет,Свинина Маринеб,"Вырезка свиная, огурец маринованный (маринуем сами), томат свежий, сыр Моцарелла, майонез оливковый",339,0,21,200," Капуста в маринаде (50 г), 60 |  Сметана (50 г), 70 |  Болье (50 г), 70 |  Цезарь (50 г), 70 |  Хрен столовый (50 г), 70 |  Сырный (50 г), 70 |  Сметанно-чесночный 50 г, 70 |  Томатно-острый (50 г), 70 |  Барбекю (50 г), 70 |  Тонкацу (50 г), 70 |  Соевый (50 г), 70|  Майонез (50 г), 70 |  Кетчуп хайнц (50 г), 70|  Лук маринованый (50 г), 70 |  Острый ширача (30 г), 78 |  Тереяки ( 30 г), 70 |  Горчица русская (50 г), 70 |  Капуста в МАРИНАДЕ(100г),109 |  Гранатовый (50 г),89 |",0,Unset,,\Мясные\Свинина Маринеб 220г.jpg
,Мясные блюда,нет,Мясо Албани,"Маринованная нежная говяжья вырезка, обжаренная со свежими баклажанами, кабачками, айзербайджанский томат, лук-репкой, картофелем, и ароматными Белыми грибами, перцем болгарским, на чугунной сковородке и ошпаренные соевым соусом. При подаче добавляем мелко рубленый чеснок",627,0,21,370,"Без чеснока,0 |Без зелени,0 |  Уксус 9% (50 г),25 |  Капуста в маринаде (50 г), 60 |  Сметана (50 г), 70 |  Болье (50 г), 70 |  Цезарь (50 г), 70 |  Хрен столовый (50 г), 70 |  Сырный (50 г), 70 |  Сметанно-чесночный 50 г, 70 |  Томатно-острый (50 г), 70 |  Барбекю (50 г), 70 |  Тонкацу (50 г), 70 |  Тереяки ( 30 г), 70 |  Соевый (50 г), 70|  Майонез (50 г), 70 |  Кетчуп хайнц (50 г), 70|  Лук маринованый (50 г), 70 |  Острый ширача (30 г), 78 |  Горчица русская (50 г), 70 |  Капуста в МАРИНАДЕ(100г),109 |  Гранатовый (50 г),89 |",0,Unset,,\Мясные\Мясо Албани 310гр.jpg
,Мясные блюда,нет,Сотэ с курочкой,"Маринованное филе куриного бедра, обжариваем со свежими баклажанами, кабачками, айзербайджанский томат, луком-репкой, отварным картофелем, и ароматными Белыми грибами, перцем болгарским, на чугунной сковородке и ошпаренные соевым соусом. При подаче добавляем мелко рубленый чеснок",469,0,21,380,"Без чеснока,0 |Без зелени,0 |  Уксус 9% (50 г),25 |  Капуста в маринаде (50 г), 60 |  Сметана (50 г), 70 |  Болье (50 г), 70 |  Цезарь (50 г), 70 |  Хрен столовый (50 г), 70 |  Сырный (50 г), 70 |  Сметанно-чесночный 50 г, 70 |  Томатно-острый (50 г), 70 |  Барбекю (50 г), 70 |  Тонкацу (50 г), 70 |  Тереяки ( 30 г), 70 |  Соевый (50 г), 70|  Майонез (50 г), 70 |  Кетчуп хайнц (50 г), 70|  Лук маринованый (50 г), 70 |  Острый ширача (30 г), 78 |  Горчица русская (50 г), 70 |  Капуста в МАРИНАДЕ(100г),109 |  Гранатовый (50 г),89 |",0,Unset,,\Мясные\Сотэ из курочки310гр.jpg
,Мясные блюда,нет,Нагеттцы с картофелем фри,"Нежное филе грудки, панированое в яйце и сухариках, подаем с картофелем фри, соус барбекю",439,0,21,280," Капуста в маринаде (50 г), 60 |  Сметана (50 г), 70 |  Болье (50 г), 70 |  Цезарь (50 г), 70 |  Хрен столовый (50 г), 70 |  Сырный (50 г), 70 |  Сметанно-чесночный 50 г, 70 |  Томатно-острый (50 г), 70 |  Барбекю (50 г), 70 |  Тонкацу (50 г), 70 |  Соевый (50 г), 70|  Майонез (50 г), 70 |  Кетчуп хайнц (50 г), 70|  Лук маринованый (50 г), 70 |  Острый ширача (30 г), 78 |  Тереяки ( 30 г), 70 |  Горчица русская (50 г), 70 |  Капуста в МАРИНАДЕ(100г),109 |  Гранатовый (50 г),89 |",0,Unset,,\Мясные\Нагеттцы Шашлычные 130гр Фри 100гр.jpg
,Мясные блюда,да,Медальоны Дон Базилио,"Вырезка говяжья, айзербайджанский томат, сливки 33%, перец болгарский, сыр Пармезан, огурец свежий, зелень",594,,,225," Капуста в маринаде (50 г), 60 |  Сметана (50 г), 70 |  Болье (50 г), 70 |  Цезарь (50 г), 70 |  Хрен столовый (50 г), 70 |  Сырный (50 г), 70 |  Сметанно-чесночный 50 г, 70 |  Томатно-острый (50 г), 70 |  Барбекю (50 г), 70 |  Тонкацу (50 г), 70 |  Соевый (50 г), 70|  Майонез (50 г), 70 |  Кетчуп хайнц (50 г), 70|  Лук маринованый (50 г), 70 |  Острый ширача (30 г), 78 |  Тереяки ( 30 г), 70 |  Горчица русская (50 г), 70 |  Капуста в МАРИНАДЕ(100г),109 |  Гранатовый (50 г),89 |",0,,,\Мясные\Медальоны Дон Базилио 250г.jpg
,Мясные блюда,нет,Мясо по-купечески,"Сочное запечёное свиное филе с помидорами, шампиньонами и луком, покрытое тягучей сырной корочкой и нежным майонезным соусом «Цезарь»",427,,,250,"Рис с овощами (200 г), 139 |  Картофель домашний(180 г), 239 |  Картофель фри (100 г), 207 |  Картошка в фольге (200 г), 219 |  Фрикасе из овощей (150 г), 217 |  Картофель француз (200 г), 219 |  Овощи ПО-ВОСТОЧНОМУ(200г), 217 |  Картофель гриль (150 г), 227 |  Овощи гриль (150 г), 237 |  Драники ДЕРЕВЕНСКИЕ(250г), 283 |  Драники мюнхен (260г), 319 | Уксус 9% (50 г),25 |  Капуста в маринаде (50 г), 60 |  Сметана (50 г), 70 |  Болье (50 г), 70 |  Томатно-острый (50 г), 70 |  Барбекю (50 г), 70 |  Хрен столовый (50 г), 70 |  Сырный (50 г), 70 |  Сметанно-чесночный 50 г, 70 |  Цезарь (50 г), 70 |  Тонкацу (50 г), 70 |  Соевый (50 г), 70|  Майонез (50 г), 70 |  Кетчуп хайнц (50 г), 70|  Лук маринованый (50 г), 70 |  Острый ширача (30 г), 78 |  Тереяки ( 30 г), 70 |  Горчица русская (50 г), 70 |  Капуста в МАРИНАДЕ(100г),109 |  Гранатовый (50 г),89 | ",,,,\Мясные\Мясо по-французки.jpg
,Мясные блюда,нет,Оджахури из свинины ,"Маринованная свиная вырезка, обжаренная со свежими баклажанами, кабачками, айзербайджанский томат, лук-репкой, картофелем, и ароматными Белыми грибами, перцем болгарским, на чугунной сковородке и ошпаренные соевым соусом. При подаче добавляем мелко рубленый чеснок и зелень ",497,,,380,"Без чеснока,0 |Без зелени,0 |  Уксус 9% (50 г),25 |  Капуста в маринаде (50 г), 60 |  Сметана (50 г), 70 |  Болье (50 г), 70 |  Цезарь (50 г), 70 |  Хрен столовый (50 г), 70 |  Сырный (50 г), 70 |  Сметанно-чесночный 50 г, 70 |  Томатно-острый (50 г), 70 |  Барбекю (50 г), 70 |  Тонкацу (50 г), 70 |  Тереяки ( 30 г), 70 |  Соевый (50 г), 70|  Майонез (50 г), 70 |  Кетчуп хайнц (50 г), 70|  Лук маринованый (50 г), 70 |  Острый ширача (30 г), 78 |  Горчица русская (50 г), 70 |  Капуста в МАРИНАДЕ(100г),109 |  Гранатовый (50 г),89 |",0,,,\Мясные\Аджахури из свинины для доставки.jpg
,Отбивные из мяса,нет,Медальоны из свинины,"Отбивные из свинины – это изумительно вкусное и нежное блюдо, которое станет настоящим украшением любого стола. Мягкие и сочные кусочки мяса, обжаренные до хрустящей корочки, порадуют самых искушенных гурманов. Не откажите себе в удовольствии насладиться потрясающим вкусом отбивных из свинины!",377,,,150," Капуста в маринаде (50 г), 60 |  Сметана (50 г), 70 |  Болье (50 г), 70 |  Цезарь (50 г), 70 |  Хрен столовый (50 г), 70 |  Сырный (50 г), 70 |  Сметанно-чесночный 50 г, 70 |  Томатно-острый (50 г), 70 |  Барбекю (50 г), 70 |  Тонкацу (50 г), 70 |  Соевый (50 г), 70|  Майонез (50 г), 70 |  Кетчуп хайнц (50 г), 70|  Лук маринованый (50 г), 70 |  Острый ширача (30 г), 78 |  Тереяки ( 30 г), 70 |  Горчица русская (50 г), 70 |  Капуста в МАРИНАДЕ(100г),109 |  Гранатовый (50 г),89 |",0,,,\Отбивные\медальоны из свинины.jpg
,Отбивные из мяса,нет,Ассорти из отбивных,"Отбивные из трёх видов мяса - это нежное куриное мясо, сочная свинина и ароматная говядина, приготовленные в виде тонких ломтиков и обжаренные до золотистой корочки. Подаются с маринованной капустой и томатным соусом.",939,,,320,"Рис с овощами (200 г), 139 |  Картофель домашний(180 г), 239 |  Картофель фри (100 г), 207 |  Картошка в фольге (200 г), 219 |  Фрикасе из овощей (150 г), 217 |  Картофель француз (200 г), 219 |  Овощи ПО-ВОСТОЧНОМУ(200г), 217 |  Картофель гриль (150 г), 227 |  Овощи гриль (150 г), 237 |  Драники ДЕРЕВЕНСКИЕ(250г), 283 |  Драники мюнхен (260г), 319 | Уксус 9% (50 г),25 |  Капуста в маринаде (50 г), 60 |  Сметана (50 г), 70 |  Болье (50 г), 70 |  Томатно-острый (50 г), 70 |  Барбекю (50 г), 70 |  Хрен столовый (50 г), 70 |  Сырный (50 г), 70 |  Сметанно-чесночный 50 г, 70 |  Цезарь (50 г), 70 |  Тонкацу (50 г), 70 |  Соевый (50 г), 70|  Майонез (50 г), 70 |  Кетчуп хайнц (50 г), 70|  Лук маринованый (50 г), 70 |  Острый ширача (30 г), 78 |  Тереяки ( 30 г), 70 |  Горчица русская (50 г), 70 |  Капуста в МАРИНАДЕ(100г),109 |  Гранатовый (50 г),89 | ",,,,\Отбивные\Ассорти из отбивных.jpg
,Отбивные из мяса,нет,Отбивные из говядины,"Отбивные из говядины - классическое блюдо, которое понравится всем любителям мяса. Нежные и сочные кусочки говядины, обжаренные до золотистой корочки, станут отличным ужином для всей семьи. Подается с томатным соусом.",949,,,190,"Рис с овощами (200 г), 139 |  Картофель домашний(180 г), 239 |  Картофель фри (100 г), 207 |  Картошка в фольге (200 г), 219 |  Фрикасе из овощей (150 г), 217 |  Картофель француз (200 г), 219 |  Овощи ПО-ВОСТОЧНОМУ(200г), 217 |  Картофель гриль (150 г), 227 |  Овощи гриль (150 г), 237 |  Драники ДЕРЕВЕНСКИЕ(250г), 283 |  Драники мюнхен (260г), 319 | Уксус 9% (50 г),25 |  Капуста в маринаде (50 г), 60 |  Сметана (50 г), 70 |  Болье (50 г), 70 |  Томатно-острый (50 г), 70 |  Барбекю (50 г), 70 |  Хрен столовый (50 г), 70 |  Сырный (50 г), 70 |  Сметанно-чесночный 50 г, 70 |  Цезарь (50 г), 70 |  Тонкацу (50 г), 70 |  Соевый (50 г), 70|  Майонез (50 г), 70 |  Кетчуп хайнц (50 г), 70|  Лук маринованый (50 г), 70 |  Острый ширача (30 г), 78 |  Тереяки ( 30 г), 70 |  Горчица русская (50 г), 70 |  Капуста в МАРИНАДЕ(100г),109 |  Гранатовый (50 г),89 | ",,,,\Отбивные\Отбивные из Говядины 150 гр.jpg
,Отбивные из мяса,нет,Курочка с овощами,"Курица с овощами на гриле - прекрасное блюдо для тех, кто хочет насладиться вкусом свежих овощей и нежного куриного мяса. Овощи прекрасно дополняют курицу, придавая ей сочность и аромат. Это блюдо не только вкусное, но и очень полезное, так как содержит много витаминов и минералов. Подается с соусом Барбекю.",449,,,220,"Рис с овощами (200 г), 139 |  Картофель домашний(180 г), 239 |  Картофель фри (100 г), 207 |  Картошка в фольге (200 г), 219 |  Фрикасе из овощей (150 г), 217 |  Картофель француз (200 г), 219 |  Овощи ПО-ВОСТОЧНОМУ(200г), 217 |  Картофель гриль (150 г), 227 |  Овощи гриль (150 г), 237 |  Драники ДЕРЕВЕНСКИЕ(250г), 283 |  Драники мюнхен (260г), 319 | Уксус 9% (50 г),25 |  Капуста в маринаде (50 г), 60 |  Сметана (50 г), 70 |  Болье (50 г), 70 |  Томатно-острый (50 г), 70 |  Барбекю (50 г), 70 |  Хрен столовый (50 г), 70 |  Сырный (50 г), 70 |  Сметанно-чесночный 50 г, 70 |  Цезарь (50 г), 70 |  Тонкацу (50 г), 70 |  Соевый (50 г), 70|  Майонез (50 г), 70 |  Кетчуп хайнц (50 г), 70|  Лук маринованый (50 г), 70 |  Острый ширача (30 г), 78 |  Тереяки ( 30 г), 70 |  Горчица русская (50 г), 70 |  Капуста в МАРИНАДЕ(100г),109 |  Гранатовый (50 г),89 | ",,,,\Отбивные\Курочка с овощами.jpg
,Отбивные из мяса,нет,Дуэт Твикс,"Отбивные из курицы и свинины подаются с жареным картофелем и белыми грибами - это изысканное блюдо, которое удивит вас своим вкусом и ароматом. Нежное куриное мясо и сочная свинина идеально сочетаются с жареным картофелем и ароматными белыми грибами. Это блюдо станет украшением любого стола и порадует ваших гостей. Подается с «Охотничьим» соусом. В состав картофеля входин лук!!",539,,,370,"Рис с овощами (200 г), 139 |  Картофель домашний(180 г), 239 |  Картофель фри (100 г), 207 |  Картошка в фольге (200 г), 219 |  Фрикасе из овощей (150 г), 217 |  Картофель француз (200 г), 219 |  Овощи ПО-ВОСТОЧНОМУ(200г), 217 |  Картофель гриль (150 г), 227 |  Овощи гриль (150 г), 237 |  Драники ДЕРЕВЕНСКИЕ(250г), 283 |  Драники мюнхен (260г), 301 | Уксус 9% (50 г),25 |  Капуста в маринаде (50 г), 60 |  Сметана (50 г), 70 |  Болье (50 г), 70 |  Томатно-острый (50 г), 70 |  Барбекю (50 г), 70 |  Хрен столовый (50 г), 70 |  Сырный (50 г), 70 |  Сметанно-чесночный 50 г, 70 |  Цезарь (50 г), 70 |  Тонкацу (50 г), 70 |  Соевый (50 г), 70|  Майонез (50 г), 70 |  Кетчуп хайнц (50 г), 70|  Лук маринованый (50 г), 70 |  Острый ширача (30 г), 78 |  Тереяки ( 30 г), 70 |  Горчица русская (50 г), 70 |  Капуста в МАРИНАДЕ(100г),109 |  Гранатовый (50 г),89 | ",,,,\Отбивные\Дуэт Твикс.jpg
,Пасты и пельмени,да,Фетучини Кон-фунги,"Паста из твердых сортов пшеницы Barilla, маринованная мраморная говядина, белые грибы жареные, сливки 33% (Белый город), сыр Пармезан, зелень",527,0,21,300,"Сыр пармезан (10 г),25 |",0,Unset,,\Паста и пельмени\Конфунги.jpg
,Пасты и пельмени,нет,Спагетти Карбонара,"Паста из твердых сортов пшеницы Barilla,, сливки 33 % (Белый город), бекон копчено-вареный, сыр Пармезан, зеленьПаста из твердых сортов пшеницы Barilla, сливки 33 % (Белый город), бекон копчено-вареный, сыр Пармезан, зелень.
300 гр.",422,0,21,320,"Сыр пармезан (10 г),25 |  Бекона (50 г) в пасту,69 |",0,Unset,,\Паста и пельмени\Спагетти Карбонара 350 г.jpg
,Пасты и пельмени,нет,Феттуччине с лососем,"Паста из твердых сортов пшеницы Barilla, филе лосося, сливки 33 % (Белый Город), сыр Пармезан, зелень",537,0,21,350,"Без перца,0 |  Сыр пармезан (10 г),25 |",0,Unset,,\Паста и пельмени\Фетучини с лососем 380 г.jpg
,Пасты и пельмени,нет,Феттуччине с креветками,"Паста из твердых сортов пшеницы Barilla, тигровые креветки крупные, сливки 33 % (Белый город), болгарский перец, сыр Пармезан, зелень
",567,0,21,360,"Сыр пармезан (10 г),25 |",0,Unset,,\Паста и пельмени\Феттучине с креветками 380 г.jpg
,Пасты и пельмени,да,Пельмени вареные,"Фарш из мраморной говядины и свиной шеи, лук репчатый, соль, специи, тесто пельменное. Пельмени самолепные",297,0,21,250,"Уксус 9% (50 г),25 |  Капуста в маринаде (50 г), 60 |  Сметана (50 г), 70 |  Болье (50 г), 70 |  Цезарь (50 г), 70 |  Хрен столовый (50 г), 70 |  Сырный (50 г), 70 |  Сметанно-чесночный 50 г, 70 |  Томатно-острый (50 г), 70 |  Барбекю (50 г), 70 |  Тонкацу (50 г), 70 |  Соевый (50 г), 70|  Майонез (50 г), 70 |  Кетчуп хайнц (50 г), 70|  Лук маринованый (50 г), 70 |  Острый ширача (30 г), 78 |  Тереяки ( 30 г), 70 |  Горчица русская (50 г), 70 |  Капуста в МАРИНАДЕ(100г),109 |  Гранатовый (50 г),89 |  Без зелени,0 |  Сметана (50 г), 70 |",0,Unset,,\Паста и пельмени\Пельмени вареные 200 г.jpg
,Пасты и пельмени,нет,Феттуччине с курицей,"Филе куриной грудки свежеобжаренное, филе куриной копченой грудки, паста из твердых сортов пшеницы Barilla, сливки 33% (Белый город), сыр Пармезан, зеленьФиле куриной грудки свежеобжаренное, филе куриной копченой грудки, паста из твердых сортов пшеницы Barilla, сливки 33% (Белый город), сыр Пармезан, зелень.
380 гр.
{ХИТ}*",417,0,21,350,"Сыр пармезан (10 г),25 |  Шампиньоны (20 г),45 |  Белыми грибами (20 г),63 |",0,Unset,,\Паста и пельмени\Феттучине с курицей 380 г.jpg
,Пасты и пельмени,да,Пельмени в горшочке,"Тесто пельменное, окорок свиной, мраморная говядина, шампиньоны, майонез оливковый, лук, зелень, бульон. Пельмени самолепные",363,0,21,350," Без грибов,0 |  Без лука,0 |  Моцарелло (20 г) в блюдо,49 |",0,Unset,,\Паста и пельмени\Пельмени в горшочке 300г.jpg
,Десерты,нет,Торт Медовик,"Многослойный торт из медовых коржей с начинкой из меда, вареной сгущенки и сметаны",332,,,100,"Без топпингов,0 |",,,,\Десерты\медовик.jpg
,Десерты,нет,Сырники творожные,"Творог, яйцо, мука, сахар, растительное масло",239,,,120,"Клубничный сироп (25 г), 35  | Шоколадный сироп (25 г), 35  | Вишневый сироп (25 г), 35 | Сгущенное молоко (50 г), 55 | Сметана (50 г), 70 |",,,,\Десерты\сырники.jpg
,Десерты,нет,Сгущенка,Сгущенное молоко,60,0,21,50,,0,Unset,,\Соуса\сгущенка.jpg
,Десерты,нет,Наслаждение богов,"Киви, апельсин, ванильный крем, взбитые сливки, топпинг вишнёвый.",302,0,21,200,,0,Unset,,\Десерты\Наслаждение богов 220 г.jpg
,Десерты,нет,Мороженное пломбир,60 гр - 1 шарик.,89,0,21,60,,0,Unset,,\Десерты\мороженое.jpg
,Десерты,нет,Шоколадный фондан,"Шоколадный бисквит (собственного приготовления), грецкий орех, ванильный шарик, взбитые сливки",342,0,21,195,,0,Unset,,\Десерты\Шоколадный фондан 180г.jpg
,Десерты,нет,Штрудель яблочно-вишневый,"Слоеное тесто бездрожжевое, яблоко, вишня, винoград, корица, взбитые сливки, ванильный шарик.( выпекаем сами)",348,0,21,285,,0,Unset,,\Десерты\Яблочно-вишневый штрудель 250г.jpg
,Десерты,нет,Чизкейк Нью-Йорк,"Чизкейк Фэнтази ванильный, топпинг вишневый, топпинг шоколадный",322,0,21,120," Без топпингов,0 |  Без вишневого,0 |  Без шокодадного,0 |",0,Unset,,\Десерты\Чизкейк Нью Йорк 120 г.jpg
,Закуски к пиву,нет,Чертовские крылышки,"Крыло куриное маринованное, паприка, перец острый, соус Томатно-острый",331,0,21,250,"Рис с овощами (200 г), 139 |  Картофель домашний(180 г), 239 |  Картофель фри (100 г), 207 |  Картошка в фольге (200 г), 219 |  Фрикасе из овощей (150 г), 217 |  Картофель француз (200 г), 219 |  Овощи ПО-ВОСТОЧНОМУ(200г), 217 |  Картофель гриль (150 г), 227 |  Овощи гриль (150 г), 237 |  Драники ДЕРЕВЕНСКИЕ(250г), 283 |  Драники мюнхен (260г), 319 | Уксус 9% (50 г),25 |  Капуста в маринаде (50 г), 60 |  Сметана (50 г), 70 |  Болье (50 г), 70 |  Томатно-острый (50 г), 70 |  Барбекю (50 г), 70 |  Хрен столовый (50 г), 70 |  Сырный (50 г), 70 |  Сметанно-чесночный 50 г, 70 |  Цезарь (50 г), 70 |  Тонкацу (50 г), 70 |  Соевый (50 г), 70|  Майонез (50 г), 70 |  Кетчуп хайнц (50 г), 70|  Лук маринованый (50 г), 70 |  Острый ширача (30 г), 78 |  Тереяки ( 30 г), 70 |  Горчица русская (50 г), 70 |  Капуста в МАРИНАДЕ(100г),109 |  Гранатовый (50 г),89 | ",0,Unset,,\Закуски к пиву\Чертовские крылышки 180г.jpg
,Закуски к пиву,нет,Кольца кальмара в кляре фри.,"Кольца из филе кальмара в панировке, соус Болье",369,0,21,150,"Уксус 9% (50 г),25 |  Капуста в маринаде (50 г), 60 |  Сметана (50 г), 70 |  Болье (50 г), 70 |  Томатно-острый (50 г), 70 |  Барбекю (50 г), 70 |  Хрен столовый (50 г), 70 |  Сырный (50 г), 70 |  Сметанно-чесночный 50 г, 70 |  Цезарь (50 г), 70 |  Тонкацу (50 г), 70 |  Соевый (50 г), 70|  Майонез (50 г), 70 |  Кетчуп хайнц (50 г), 70|  Лук маринованый (50 г), 70 |  Острый ширача (30 г), 78 |  Тереяки ( 30 г), 70 |  Горчица русская (50 г), 70 |  Капуста в МАРИНАДЕ(100г),109 |  Гранатовый (50 г),89 |",0,Unset,,\Закуски к пиву\Кольца кальмара  фри 150г.jpg
,Закуски к пиву,нет,Сырные шарики фри,"Сыр Моцарелла, кляр, соус Болье",369,0,21,170,"Уксус 9% (50 г),25 |  Капуста в маринаде (50 г), 60 |  Сметана (50 г), 70 |  Болье (50 г), 70 |  Цезарь (50 г), 70 |  Хрен столовый (50 г), 70 |  Сырный (50 г), 70 |  Сметанно-чесночный 50 г, 70 |  Томатно-острый (50 г), 70 |  Барбекю (50 г), 70 |  Тонкацу (50 г), 70 |  Соевый (50 г), 70|  Майонез (50 г), 70 |  Кетчуп хайнц (50 г), 70|  Лук маринованый (50 г), 70 |  Острый ширача (30 г), 78 |  Тереяки ( 30 г), 70 |  Горчица русская (50 г), 70 |  Капуста в МАРИНАДЕ(100г),109 |  Гранатовый (50 г),89 | ",0,Unset,,\Закуски к пиву\Сырные шарики доставка.jpg
,Закуски к пиву,нет,Корочки Ильича,"Бородинский хлеб жареный, чесонок, соус сметанно-чесночный",197,0,21,130,"Уксус 9% (50 г),25 |  Капуста в маринаде (50 г), 60 |  Сметана (50 г), 70 |  Болье (50 г), 70 |  Цезарь (50 г), 70 |  Хрен столовый (50 г), 70 |  Сырный (50 г), 70 |  Сметанно-чесночный 50 г, 70 |  Томатно-острый (50 г), 70 |  Барбекю (50 г), 70 |  Тонкацу (50 г), 70 |  Соевый (50 г), 70|  Майонез (50 г), 70 |  Кетчуп хайнц (50 г), 70|  Лук маринованый (50 г), 70 |  Острый ширача (30 г), 78 |  Тереяки ( 30 г), 70 |  Горчица русская (50 г), 70 |  Капуста в МАРИНАДЕ(100г),109 |  Гранатовый (50 г),89 | Без чеснока,0 | ",0,Unset,,\Закуски к пиву\Корочки Ильича 200 г.jpg
,Закуски к пиву,нет,Луковые кольца,"Лук репка, кляр, соус болье",247,0,21,150,"Уксус 9% (50 г),25 |  Капуста в маринаде (50 г), 60 |  Сметана (50 г), 70 |  Болье (50 г), 70 |  Цезарь (50 г), 70 |  Хрен столовый (50 г), 70 |  Сырный (50 г), 70 |  Сметанно-чесночный 50 г, 70 |  Томатно-острый (50 г), 70 |  Барбекю (50 г), 70 |  Тонкацу (50 г), 70 |  Соевый (50 г), 70|  Майонез (50 г), 70 |  Кетчуп хайнц (50 г), 70|  Лук маринованый (50 г), 70 |  Острый ширача (30 г), 78 |  Тереяки ( 30 г), 70 |  Горчица русская (50 г), 70 |  Капуста в МАРИНАДЕ(100г),109 |  Гранатовый (50 г),89 | ",0,Unset,,\Закуски к пиву\Луковые кольца 150г.jpg
,Закуски к пиву,нет,Ассорти к пиву ,"Кольца из филе кальмара, луковые кольца, соус Болье ",526,,,250,"Уксус 9% (50 г),25 |  Капуста в маринаде (50 г), 60 |  Сметана (50 г), 70 |  Болье (50 г), 70 |  Томатно-острый (50 г), 70 |  Барбекю (50 г), 70 |  Хрен столовый (50 г), 70 |  Сырный (50 г), 70 |  Сметанно-чесночный 50 г, 70 |  Цезарь (50 г), 70 |  Тонкацу (50 г), 70 |  Соевый (50 г), 70|  Майонез (50 г), 70 |  Кетчуп хайнц (50 г), 70|  Лук маринованый (50 г), 70 |  Острый ширача (30 г), 78 |  Тереяки ( 30 г), 70 |  Горчица русская (50 г), 70 |  Капуста в МАРИНАДЕ(100г),109 |  Гранатовый (50 г),89 |",0,,,\Закуски к пиву\Ассорти к пиву 250г.jpg
,Закуски к п,нет,Курочка в кляре фри ,"Филе куриной грудки, кляр, соус сметанно-чесночный, сухари панко",321,,,150,"Уксус 9% (50 г),25 |  Капуста в маринаде (50 г), 60 |  Сметана (50 г), 70 |  Болье (50 г), 70 |  Цезарь (50 г), 70 |  Хрен столовый (50 г), 70 |  Сырный (50 г), 70 |  Сметанно-чесночный 50 г, 70 |  Томатно-острый (50 г), 70 |  Барбекю (50 г), 70 |  Тонкацу (50 г), 70 |  Соевый (50 г), 70|  Майонез (50 г), 70 |  Кетчуп хайнц (50 г), 70|  Лук маринованый (50 г), 70 |  Острый ширача (30 г), 78 |  Тереяки ( 30 г), 70 |  Горчица русская (50 г), 70 |  Капуста в МАРИНАДЕ(100г),109 |  Гранатовый (50 г),89 | Рис с овощами (200 г), 139 |  Картофель домашний(180 г), 239 |  Картофель фри (100 г), 207 |  Картошка в фольге (200 г), 219 |  Фрикасе из овощей (150 г), 217 |  Картофель француз (200 г), 219 |  Овощи ПО-ВОСТОЧНОМУ(200г), 217 |  Картофель гриль (150 г), 227 |  Овощи гриль (150 г), 237 |  Драники ДЕРЕВЕНСКИЕ(250г), 283 |  Драники мюнхен (260г), 319 |",0,,,\Закуски к пиву\Курочка в кляре фри 250г (архив).jpg
,Закуски к пиву,нет,Пивная тарелка ,"Сырные палочки из Моцареллы, луковые кольца, корочки Ильича, куриные крылья фри, соус Болье, соус Томатно-острый (для компании под пенное)",887,,,580,,,,,\Закуски к пиву\пивная тарелка.jpg
,Закуски к пиву,нет,Чесночные сухарики ,Чесночные сухарики ( белые из батона) Делаем сами ,139,,,80,,,,,\Суп\Сухарики к супу 50 г.jpg
,Гарниры,нет,Дранники Мюнхен,"Шампиньоны жареные, бекон к/в, сыр моцарелла, картофель свежий, яйцо, лук-репка жареный",329,0,21,250," Без грибов,0 |  Без лука,0 | Уксус 9% (50 г),25 |  Капуста в маринаде (50 г), 60 |  Сметана (50 г), 70 |  Болье (50 г), 70 |  Томатно-острый (50 г), 70 |  Барбекю (50 г), 70 |  Хрен столовый (50 г), 70 |  Сырный (50 г), 70 |  Сметанно-чесночный 50 г, 70 |  Цезарь (50 г), 70 |  Тонкацу (50 г), 70 |  Соевый (50 г), 70|  Майонез (50 г), 70 |  Кетчуп хайнц (50 г), 70|  Лук маринованый (50 г), 70 |  Острый ширача (30 г), 78 |  Тереяки ( 30 г), 70 |  Горчица русская (50 г), 70 |  Капуста в МАРИНАДЕ(100г),109 |  Гранатовый (50 г),89 |",0,Unset,,\Гарниры\Драники Мюнхен 320 г.jpg
,Гарниры,нет,Картофель по-домашнему,"Отварной картофель, обжаренный вместе с ароматными белыми грибами и  свежим репчатым луком",229,0,21,180,"Без лука,0 |  Без грибов,0 |",0,Unset,,\Гарниры\Картофель по-домашнему 150 г.jpg
,Гарниры,нет,Картофель по-французски,"Отварной картофель, сыр моцарелла, соус цезарьотварной картофель, чеснок, сыр Моцарелла, соус ""Цезарь"".
200 гр.",219,0,21,200," Без чеснока,0 |  Моцарелло (20 г) в блюдо,49 |",0,Unset,,\Гарниры\Картофель по-французки 200г.jpg
,Гарниры,нет,Овощи по-восточному,"Баклажаны, кабачки-цукини, перец болгарский, лук-репка, шампиньоны, чеснок, картофель, соевый соус",217,0,21,200,"Уксус 9% (50 г),25 |  Капуста в маринаде (50 г), 60 |  Сметана (50 г), 70 |  Сметанно-чесночный 50 г, 70 |  Майонез (50 г), 70 |  Острый ширача (30 г), 78 |  Томатно-острый (50 г), 70 |  Сырный (50 г), 70 |  Барбекю (50 г), 70 |  Кетчуп хайнц (50 г), 70|  Болье (50 г), 70 |  Цезарь (50 г), 70 |  Хрен столовый (50 г), 70 |  Тонкацу (50 г), 70 |  Соевый (50 г), 70|  Лук маринованый (50 г), 70 |  Тереяки ( 30 г), 70 |  Горчица русская (50 г), 70 |  Капуста в МАРИНАДЕ(100г),109 |  Гранатовый (50 г),89 |",0,Unset,,\Гарниры\Овощи по-восточному 200 г.jpg
,Гарниры,нет,Картофель фри,Картофель фри.,207,0,21,100,"Уксус 9% (50 г),25 |  Капуста в маринаде (50 г), 60 |  Сметана (50 г), 70 |  Сметанно-чесночный 50 г, 70 |  Майонез (50 г), 70 |  Острый ширача (30 г), 78 |  Томатно-острый (50 г), 70 |  Сырный (50 г), 70 |  Барбекю (50 г), 70 |  Кетчуп хайнц (50 г), 70|  Болье (50 г), 70 |  Цезарь (50 г), 70 |  Хрен столовый (50 г), 70 |  Тонкацу (50 г), 70 |  Соевый (50 г), 70|  Лук маринованый (50 г), 70 |  Тереяки ( 30 г), 70 |  Горчица русская (50 г), 70 |  Капуста в МАРИНАДЕ(100г),109 |  Гранатовый (50 г),89 |",0,Unset,,\Гарниры\Картофель фри100г.jpg
,Гарниры,нет,Фрикасе из овощей,"Цветная капуста, кунжут жареный, брокколи, морковь, перец болгарский",217,0,21,150,"Готовить на пару!,0 | Уксус 9% (50 г),25 |  Капуста в маринаде (50 г), 60 |  Сметана (50 г), 70 |  Сметанно-чесночный 50 г, 70 |  Майонез (50 г), 70 |  Острый ширача (30 г), 78 |  Томатно-острый (50 г), 70 |  Сырный (50 г), 70 |  Барбекю (50 г), 70 |  Кетчуп хайнц (50 г), 70|  Болье (50 г), 70 |  Цезарь (50 г), 70 |  Хрен столовый (50 г), 70 |  Тонкацу (50 г), 70 |  Соевый (50 г), 70|  Лук маринованый (50 г), 70 |  Тереяки ( 30 г), 70 |  Горчица русская (50 г), 70 |  Капуста в МАРИНАДЕ(100г),109 |  Гранатовый (50 г),89 |",0,Unset,,\Гарниры\Фрикасе из овощей 180 г.jpg
,Гарниры,нет,Дранники по-деревенски,"Свежий картофель, шампиньоны жареные, яйцо, лук-репка жареный, обжариваеться до хрустящей корочки, подается со сметанно-чесночным соусом",293,0,21,300,"Без грибов,0 |  Без лука,0 | Уксус 9% (50 г),25 |  Капуста в маринаде (50 г), 60 |  Острый ширача (30 г), 78 |  Томатно-острый (50 г), 70 |  Сырный (50 г), 70 |  Сметанно-чесночный 50 г, 70 |  Барбекю (50 г), 70 |  Майонез (50 г), 70 |  Сметана (50 г), 70 |  Кетчуп хайнц (50 г), 70|  Болье (50 г), 70 |  Цезарь (50 г), 70 |  Хрен столовый (50 г), 70 |  Тонкацу (50 г), 70 |  Соевый (50 г), 70|  Лук маринованый (50 г), 70 |  Тереяки ( 30 г), 70 |  Горчица русская (50 г), 70 |  Капуста в МАРИНАДЕ(100г),109 |  Гранатовый (50 г),89 |",0,Unset,,\Гарниры\Драники по-деревенски 300 г.jpg
,Гарниры,нет,Картофель гриль.,"Картофель свежий, соль, специи",237,0,21,150,"Уксус 9% (50 г),25 ₽  Капуста в маринаде (50 г), 60 ₽  Сметана (50 г), 70 ₽  Сметанно-чесночный 50 г, 70 ₽  Майонез (50 г), 70 ₽  Острый ширача (30 г), 78 ₽  Томатно-острый (50 г), 70 ₽  Сырный (50 г), 70 ₽  Барбекю (50 г), 70 ₽  Кетчуп хайнц (50 г), 70₽  Болье (50 г), 70 ₽  Цезарь (50 г), 70 ₽  Хрен столовый (50 г), 70 ₽  Тонкацу (50 г), 70 ₽  Соевый (50 г), 70₽  Лук маринованый (50 г), 70 ₽  Тереяки ( 30 г), 70 ₽  Горчица русская (50 г), 70 ₽  Капуста в МАРИНАДЕ(100г),109 ₽  Гранатовый (50 г),89 ₽",0,Unset,,\Гарниры\Картофель Гриль 150 г.jpg
,Гарниры,нет,Картошка в фольге ,"Картофель отварной, обжареный в духовке и запеченый в фольге под соусом Болье и сыром Моцарелла",219,,,200,"Уксус 9% (50 г),25 |  Капуста в маринаде (50 г), 60 |  Сметана (50 г), 70 |  Сметанно-чесночный 50 г, 70 |  Майонез (50 г), 70 |  Острый ширача (30 г), 78 |  Томатно-острый (50 г), 70 |  Сырный (50 г), 70 |  Барбекю (50 г), 70 |  Кетчуп хайнц (50 г), 70|  Болье (50 г), 70 |  Цезарь (50 г), 70 |  Хрен столовый (50 г), 70 |  Тонкацу (50 г), 70 |  Соевый (50 г), 70|  Лук маринованый (50 г), 70 |  Тереяки ( 30 г), 70 |  Горчица русская (50 г), 70 |  Капуста в МАРИНАДЕ(100г),109 |  Гранатовый (50 г),89 | ",0,,,\Гарниры\Картошка в Фольге.jpg
,Гарниры,нет,Овощи Гриль ,"Кабачки-цукини, баклажаны, перец болгарский, айзербайджанский томат, специи, соль",247,,,200,"Уксус 9% (50 г),25 |  Капуста в маринаде (50 г), 60 |  Сметана (50 г), 70 |  Сметанно-чесночный 50 г, 70 |  Майонез (50 г), 70 |  Острый ширача (30 г), 78 |  Томатно-острый (50 г), 70 |  Сырный (50 г), 70 |  Барбекю (50 г), 70 |  Кетчуп хайнц (50 г), 70|  Болье (50 г), 70 |  Цезарь (50 г), 70 |  Хрен столовый (50 г), 70 |  Тонкацу (50 г), 70 |  Соевый (50 г), 70|  Лук маринованый (50 г), 70 |  Тереяки ( 30 г), 70 |  Горчица русская (50 г), 70 |  Капуста в МАРИНАДЕ(100г),109 |  Гранатовый (50 г),89 |",0,,,\Гарниры\Овощи Гриль 150 г.jpg
,Гарниры,да,Рис с овощами ,"Рис краснодарский, лук, морковь",169,,,200,,,,,\Гарниры\рис.jpg
,,нет,,,,,,,,,,,
,,нет,,,,,,,,,,,
,,нет,,,,,,,,,,,
,,нет,,,,,,,,,,,
,,нет,,,,,,,,,,,
,,нет,,,,,,,,,,,
,Напитки,нет,Вода,,99,0,21,500,,0,Unset,,\Напитки\вода.jpg
,Напитки,нет,Минеральная вода Обуховская,,99,0,21,500,,0,Unset,,\Напитки\обуховская.jpg
,Напитки,нет,Кока Кола,,166,0,21,330,,0,Unset,,\Напитки\кола.jpg
,Напитки,нет,Морс Брусничный,"Брусника свежая, клюква свежая, вода питьевая, сахар. Собственного приготовления",350,0,21,1000,,0,Unset,,\Напитки\морс.jpg
,Напитки,нет,Пиво Балтика 0,Без алкогольное пиво,194,0,21,470,,0,Unset,,\Напитки\балтика.webp
,Напитки,нет,Сок,"Соки: Апельсин, Томат, Яблоко, Вишня",350,0,21,1000,"Апельсин, 0| Томат, 0| Вишня, 0| Яблоко, 0|",0,Unset,,\Напитки\meyvesuyu-sjyu.webp
,Напитки,нет,Спрайт,,166,0,21,330,,0,Unset,,\Напитки\спрайт.jpg
,,нет,,,,,,,,,,,
,Поминальный обед,нет,Поминальный обед 1,"С-т Оливье - 100 гр <br>
(ветчина, картофель, морковь, огурец соленый, яйцо, зеленый горошек, лук зеленый, майонез.)
<br><br>
Суп лапша с курицей - 250/10 гр<br>
(бульон куриный натуральный, лапша домашняя, куриное мясо, овощи)
<br><br>
Бифштекс - 80/30 гр<br>
(фарш Домашний, соус Барбекю)
<br><br>
Пюре картофельное 250 гр
<br><br>
Кутья (рис, изюм) - 30 гр
<br><br>
Блинчик - 40 гр
<br><br>
Хлеб 2 шт
<br><br>
Морс брусничный - 200 гр",690,0,21,0,,0,Unset,,\Поминальный обед\resized-pominki_0.jpg
,Поминальный обед,нет,Поминальный обед 2,"С-т Зимний - 100 гр<br>
(говядина отварная, огурцы маринованные, картофель, морковь. майонез, зелень)
<br><br>
Солянка по домашнему - 250/10 гр<br>
(бульон мясной,  ветчина, овощи, томат-паста, зелень)
<br><br>
Гуляш из говядины - 75/50 гр<br>
(говядина б/к,  соус красный основной, овощи, специи)
<br><br>
Пюре картофельное - 250 гр
<br><br>
Кутья (рис, изюм) - 30 гр
<br><br>
Слойка с повидлом - 50 гр
(тесто дрожжевое, повидло фруктовое, сахарная пудра)
<br><br>
Хлеб 2 шт
<br><br>
Морс брусничный - 200 гр",729,0,21,0,,0,Unset,,\Поминальный обед\resized-pominki_0.jpg
,Поминальный обед,нет,Поминальный обед 3,"С-т Зимний - 100 гр<br>
(говядина отварная, огурцы маринованные, картофель, морковь. майонез, зелень)
<br><br>
Борщ с говядиной - 250/10 гр<br>
(бульон говяжий, говядина, овощи, зелень)
<br><br>
Поджарка из свинины - 75/25<br>
(свинина не жирная, овощи, соус красный основной, зелень)
<br><br>
Пюре картофельное - 250 гр
<br><br>
Кутья (рис, изюм) - 30 гр
<br><br>
Слойка с повидлом - 50 гр<br>
(слоеное тесто, фруктовое повидло, сахарная пудра)
<br><br>
Хлеб - 2 шт
<br><br>
Морс брусничный 200 гр",719,0,21,0,,0,Unset,,\Поминальный обед\resized-pominki_0.jpg
,Поминальный обед,нет,Поминальный обед 4,"С-т Зимний - 100 гр<br>
(говядина отварная, огурцы маринованные, картофель, морковь. майонез, зелень)
<br><br>
Суп-лапша домашняя с курицей - 250/10 гр<br>
(бульон куриный натуральный, лапша домашняя, куриное мясо, овощи)
<br><br>
Люля-Кебаб по домашнему — 90/30 гр<br>
(фарш говяжий, шея свиная,  соус томатный)
<br><br>
Пюре картофельное - 250 гр
<br><br>
Кутья (рис, изюм) - 30 гр
<br><br>
Слойка с повидлом - 50 гр<br>
(слоеное тесто, фруктовое пюре, сахарная пудра)
<br><br>
Хлеб - 2 шт
<br><br>
Морс брусничный - 200 гр",719,0,21,0,,0,Unset,,\Поминальный обед\resized-pominki_0.jpg
,Поминальный обед,нет,Поминальный обед 5,"С-т Зимний - 100 гр. <br>
(говядина отварная, огурцы маринованные, картофель, морковь. майонез, зелень)
<br><br>
Суп Картофельный с вермишелью мясными фрикадельками - 250/10 гр<br>
(бульон куриный натуральный, вермишель яичная, фрикадельки, овощи)
<br><br>
Кебаб из курицы - 110/20 гр<br>
(фарш из филе грудки свиной нежирной шеи,  соус ""Барбекю"")
<br>
Пюре картофельное - 250 гр
<br><br>
Кутья (рис, изюм) - 30 гр
<br><br>
Блинчик - 1шт
(слоеное тесто, фруктовое пюре, сахарная пудра)
<br><br>
Хлеб - 2 шт/n
<br><br>
Морс брусничный - 200 гр",719,0,21,0,"Сметана (50 г),60 |",0,Unset,,\Поминальный обед\resized-pominki_0.jpg
,Пироги,нет,Пирог с картофелем,"тесто дрожжевое, картофель, лук репка, масло сливочное
2 кг",659,0,21,0,,0,Unset,,C:\Users\New\Desktop\Кафе Винтаж версия 9.09.019\Меню Винтаж 2020\пироги\пирог с картофелем.jpg
,Пироги,нет,Пирог с капустой,"тесто дрожжевое, капуста белокачанная, лук репка, яйцо отварное, масло сливочное.
2 кг.",659,0,21,0,,0,Unset,,C:\Users\New\Desktop\Кафе Винтаж версия 9.09.019\Меню Винтаж 2020\пироги\пирог с капустой.jpg
,Пироги,нет,Пирог с картофелем и грибами,"тесто дрожжевое, картофель, грибы шампиньоны, лук репка
1 кг.",604,0,21,0,,0,Unset,,C:\Users\New\Desktop\Кафе Винтаж версия 9.09.019\Меню Винтаж 2020\пироги\пирог с картофелем и грибами.jpg
,Пироги,нет,Кулебяка с мясом,"тесто дрожжевое, фарш Домашний, лук репка, масло сливочное.
0,5 кг",429,0,21,0,,0,Unset,,C:\Users\New\Desktop\Кафе Винтаж версия 9.09.019\Меню Винтаж 2020\пироги\кулебяка с мясом.jpg
,Пироги,нет,Пирог с рыбой,"тесто дрожжевое, филе горбуши, лук репка, масло сливочное
1 кг",635,0,21,0,,0,Unset,,C:\Users\New\Desktop\Кафе Винтаж версия 9.09.019\Меню Винтаж 2020\пироги\пирог с слососем.jpg
,Пироги,нет,Пирог с лососем,"тесто дрожжевое, филе лосося, лук репка, масло сливочное
1 кг",1035,0,21,0,,0,Unset,,C:\Users\New\Desktop\Кафе Винтаж версия 9.09.019\Меню Винтаж 2020\пироги\пирог с слососем.jpg
,Пироги,нет,Пирог с курицей,"тесто дрожжевое, курица, лук репка, масло сливочное
1 кг",535,0,21,0,,0,Unset,,C:\Users\New\Desktop\Кафе Винтаж версия 9.09.019\Меню Винтаж 2020\пироги\пирог с курицей.jpg
,Пироги,нет,Пирог слоёный с яблоками,"тесто слоёное бездрожжевое, яблоки, сахар
1 кг",544,0,21,0,,0,Unset,,C:\Users\New\Desktop\Кафе Винтаж версия 9.09.019\Меню Винтаж 2020\пироги\пирог слоеный с яблоками.jpg
,Пироги,нет,Штрудель яблочно-вишнёвый,"тесто слоёное бездрожжевое, вишня, яблоко, мёд
1 кг",554,0,21,0,,0,Unset,,C:\Users\New\Desktop\Кафе Винтаж версия 9.09.019\Меню Винтаж 2020\пироги\штрудель ябочно-вишневый.jpg
,,нет,,,,,,,,,,,
,,нет,,,,,,,,,,,
,,нет,,,,,,,,,,,
,,нет,,,,,,,,,,,
,Рыба и море продукты,нет,Лосось по –итальянски,"Филе лосося запеченое с томатами и двумя видами сыра, Моцарелла и Фета. Нежный сливочный вкус. Подаем с гарниром, Фрикасе из овощей и сливочно-перечным соусом!",1009,0,21,400,"Соус без перца,0 |  Капуста в маринаде (50 г), 60 |  Сметана (50 г), 70 |  Болье (50 г), 70 |  Цезарь (50 г), 70 |  Хрен столовый (50 г), 70 |  Сырный (50 г), 70 |  Сметанно-чесночный 50 г, 70 |  Томатно-острый (50 г), 70 |  Барбекю (50 г), 70 |  Тонкацу (50 г), 70 |  Соевый (50 г), 70|  Майонез (50 г), 70 |  Кетчуп хайнц (50 г), 70|  Лук маринованый (50 г), 70 |  Острый ширача (30 г), 78 |  Тереяки ( 30 г), 70 |  Горчица русская (50 г), 70 |  Капуста в МАРИНАДЕ(100г),109 |  Гранатовый (50 г),89 |",0,Unset,,\Рыбные\Лосось Итальяно меню.jpg
,Рыба и море продукты,да,Бабочка из лосося,"Филе лосося (используем охлажденную рыбу), соус гранатовый Наршираб, маслина, лодочка лимона",569,0,21,125," Капуста в маринаде (50 г), 60 |  Сметана (50 г), 70 |  Болье (50 г), 70 |  Цезарь (50 г), 70 |  Хрен столовый (50 г), 70 |  Сырный (50 г), 70 |  Сметанно-чесночный 50 г, 70 |  Томатно-острый (50 г), 70 |  Барбекю (50 г), 70 |  Тонкацу (50 г), 70 |  Соевый (50 г), 70|  Майонез (50 г), 70 |  Кетчуп хайнц (50 г), 70|  Лук маринованый (50 г), 70 |  Острый ширача (30 г), 78 |  Тереяки ( 30 г), 70 |  Горчица русская (50 г), 70 |  Капуста в МАРИНАДЕ(100г),109 |  Гранатовый (50 г),89 |",0,Unset,,\Рыбные\Бабочка из лосося 100гр.jpg
,Рыба и море продукты,нет,Креветки Гриль,Тигровые креветки 16/26 ,699,,,100," Капуста в маринаде (50 г), 60 |  Сметана (50 г), 70 |  Болье (50 г), 70 |  Цезарь (50 г), 70 |  Хрен столовый (50 г), 70 |  Сырный (50 г), 70 |  Сметанно-чесночный 50 г, 70 |  Томатно-острый (50 г), 70 |  Барбекю (50 г), 70 |  Тонкацу (50 г), 70 |  Соевый (50 г), 70|  Майонез (50 г), 70 |  Кетчуп хайнц (50 г), 70|  Лук маринованый (50 г), 70 |  Острый ширача (30 г), 78 |  Тереяки ( 30 г), 70 |  Горчица русская (50 г), 70 |  Капуста в МАРИНАДЕ(100г),109 |  Гранатовый (50 г),89 |",0,,,\Рыбные\Креветки Гриль 100г цена 498р.jpg
,Рыба и море продукты,нет,Дранники с лососем,"Драники из свежего картофеля, обжаренные до хрустящей корочки, подаются со слабосоленый лососем засоленный по фирменному рецепту, к драникам подаем сметанно-чесночный соус и украшаем гранатовым соусом Наршираб",519,0,21,244,,0,Unset,,\Гарниры\Драники с лососем 260гр.jpg
,Рыба и море продукты,нет,Лосось с фрикасе,"Филе лосося (испльзуем охлажденную рыбу), капуста цветная, капуста брокколи, перец болгарский, морковь, кунжут, соус гранатовый Наршараб, лимон-лодочка, маслина ",849,,,275," Готовить на пару!,0 | Капуста в маринаде (50 г), 60 |  Сметана (50 г), 70 |  Болье (50 г), 70 |  Цезарь (50 г), 70 |  Хрен столовый (50 г), 70 |  Сырный (50 г), 70 |  Сметанно-чесночный 50 г, 70 |  Томатно-острый (50 г), 70 |  Барбекю (50 г), 70 |  Тонкацу (50 г), 70 |  Соевый (50 г), 70|  Майонез (50 г), 70 |  Кетчуп хайнц (50 г), 70|  Лук маринованый (50 г), 70 |  Острый ширача (30 г), 78 |  Тереяки ( 30 г), 70 |  Горчица русская (50 г), 70 |  Капуста в МАРИНАДЕ(100г),109 |  Гранатовый (50 г),89 |",0,,,\Рыбные\Лосось 100гр с Фрикасе 180гр.jpg
,Рыба и море продукты,нет, Лосось Сицилия,"Филе лосося запеченое с томатами и двумя видами сыра, Моцарелла и Фета, Подаем с соусом гранатовым Наршираб",789,0,21,230,"Рис с овощами (200 г), 139 |  Картофель домашний(180 г), 239 |  Картофель фри (100 г), 207 |  Картофель в фольге (200 г),168 |  Фрикасе из овощей (150 г), 217 |  Картофель француз (200 г), 219 |  Овощи ПО-ВОСТОЧНОМУ(200г), 217 |  Картофель гриль (150 г), 227 |  Овощи гриль (150г),197 |  Драники ДЕРЕВЕНСКИЕ(250г), 283 |  Драники мюнхен (260 г),271 | Уксус 9% (50 г),25 |  Капуста в маринаде (50 г), 60 |  Сметана (50 г), 70 |  Болье (50 г), 70 |  Цезарь (50 г), 70 |  Хрен столовый (50 г), 70 |  Сырный (50 г), 70 |  Сметанно-чесночный 50 г, 70 |  Томатно-острый (50 г), 70 |  Барбекю (50 г), 70 |  Тонкацу (50 г), 70 |  Соевый (50 г), 70|  Майонез (50 г), 70 |  Кетчуп хайнц (50 г), 70|  Лук маринованый (50 г), 70 |  Острый ширача (30 г), 78 |  Тереяки ( 30 г), 70 |  Горчица русская (50 г), 70 |  Капуста в МАРИНАДЕ(100г),109 |  Гранатовый (50 г),89 |",0,Unset,,\Рыбные\Лосось Сицилия 230гр.jpg
,Рыба и море продукты,нет, Лосось Седученте,"Филе лосося обжаренное на гриле, с кунжутом. Подаем с гарниром: Овощи по-восточному, соус гранатовый Наршараб, лимон-лодочка, маслина",979,0,21,300,"Рис с овощами (200 г), 139 |  Картофель домашний(180 г), 239 |  Картофель фри (100 г), 207 |  Картофель в фольге (200 г),168 |  Фрикасе из овощей (150 г), 217 |  Картофель француз (200 г), 219 |  Овощи ПО-ВОСТОЧНОМУ(200г), 217 |  Картофель гриль (150 г), 227 |  Овощи гриль (150г),197 |  Драники ДЕРЕВЕНСКИЕ(250г), 283 |  Драники мюнхен (260 г),271 | Уксус 9% (50 г),25 |  Капуста в маринаде (50 г), 60 |  Сметана (50 г), 70 |  Болье (50 г), 70 |  Цезарь (50 г), 70 |  Хрен столовый (50 г), 70 |  Сырный (50 г), 70 |  Сметанно-чесночный 50 г, 70 |  Томатно-острый (50 г), 70 |  Барбекю (50 г), 70 |  Тонкацу (50 г), 70 |  Соевый (50 г), 70|  Майонез (50 г), 70 |  Кетчуп хайнц (50 г), 70|  Лук маринованый (50 г), 70 |  Острый ширача (30 г), 78 |  Тереяки ( 30 г), 70 |  Горчица русская (50 г), 70 |  Капуста в МАРИНАДЕ(100г),109 |  Гранатовый (50 г),89 |",0,Unset,,\Рыбные\Лосось седученте.jpg
